store,month,sales,price,promo
1,1,124.97,3.1712,0
1,2,117.82,3.1372,1
1,3,115.34,2.9942,0
1,4,117.84,2.8746,1
1,5,108.16,3.1601,0
1,6,135.23,2.968,0
1,7,124.35,3.071,0
1,8,123.17,3.2981,0
1,9,150.02,3.2712,1
1,10,139.74,3.1011,0
1,11,132.42,3.2147,0
1,12,152.21,3.082,0
2,1,121.3,4.7087,0
2,2,94.232,4.8067,0
2,3,123.01,4.6655,0
2,4,154.98,5.1334,0
2,5,118.57,4.9499,0
2,6,104.95,4.7833,0
2,7,141.9,4.9055,1
2,8,118.06,5.058,0
2,9,148.82,4.9102,0
2,10,167.88,4.9165,1
2,11,130.9,5.0747,0
2,12,162.16,5.1888,1
3,1,107.38,4.6051,0
3,2,107.81,4.5147,0
3,3,99.58,4.5854,1
3,4,112.58,4.5272,0
3,5,163.01,4.4741,1
3,6,132.66,4.4584,0
3,7,116.08,4.4546,0
3,8,118.91,4.46,0
3,9,130.77,4.5969,1
3,10,154,4.3827,0
3,11,134.38,4.6056,0
3,12,143.54,4.422,0
4,1,115.82,2.9828,0
4,2,113.84,2.9039,0
4,3,81.905,3.0705,0
4,4,141.39,3.203,0
4,5,101.68,2.8383,1
4,6,69.838,2.9856,0
4,7,125.21,2.9998,1
4,8,139.55,3.0553,0
4,9,125.37,3.1077,0
4,10,124.55,3.017,0
4,11,126.52,3.1274,0
4,12,135.55,3.3202,0
5,1,123.67,4.3635,0
5,2,134.92,4.2859,0
5,3,103.57,4.4151,0
5,4,100.8,4.4635,0
5,5,144.58,4.1463,0
5,6,118.97,4.3894,0
5,7,106.73,4.7125,0
5,8,104.99,4.4511,0
5,9,108.63,4.4822,0
5,10,129.47,4.6967,1
5,11,148.1,4.3137,0
5,12,120.62,4.6219,1
6,1,144.07,3.2647,0
6,2,143.48,3.3583,0
6,3,139.32,3.4232,0
6,4,120.52,3.3217,0
6,5,122.85,3.2748,1
6,6,140.45,3.4717,0
6,7,123.77,3.3767,0
6,8,130.03,3.4241,0
6,9,146.03,3.5081,0
6,10,90.023,3.5659,0
6,11,153.72,3.416,0
6,12,124.12,3.3267,0
7,1,83.354,5.2565,0
7,2,111.57,5.3971,0
7,3,105.76,5.1356,0
7,4,105.2,5.3098,0
7,5,102.63,5.4548,0
7,6,140.07,5.2566,0
7,7,113.42,5.3285,0
7,8,129.86,5.2798,1
7,9,148.23,5.1778,1
7,10,109.27,5.2097,0
7,11,167.41,5.1626,1
7,12,85.402,5.3287,0
8,1,105.05,5.1482,0
8,2,106.97,4.9383,0
8,3,130.96,5.1518,0
8,4,133.81,4.8052,0
8,5,148.15,4.8764,1
8,6,111.49,5.2098,0
8,7,179.25,4.7822,1
8,8,124.19,4.8044,0
8,9,136.05,5.2902,1
8,10,116.69,5.1599,0
8,11,159.94,5.0671,0
8,12,127.54,5.0569,1
9,1,83.776,4.334,0
9,2,109.19,4.2818,0
9,3,158.01,4.3106,0
9,4,111.28,4.4226,0
9,5,103.73,4.4155,0
9,6,123.68,4.2803,0
9,7,134.23,4.0676,0
9,8,117.79,4.4704,0
9,9,151.81,4.1458,1
9,10,107.3,3.947,0
9,11,112.98,4.3718,1
9,12,62.898,4.353,0
10,1,115.76,3.1561,0
10,2,142.61,3.2757,0
10,3,116.7,3.4666,0
10,4,119.08,3.3323,0
10,5,137.05,3.2562,0
10,6,113.91,3.3265,0
10,7,115.34,3.0889,0
10,8,144.13,3.1274,1
10,9,143.75,3.2017,0
10,10,152.37,3.2052,0
10,11,101.02,3.6983,0
10,12,124.9,3.4788,0
11,1,83.684,3.8842,1
11,2,112.82,3.7159,0
11,3,104.42,3.667,0
11,4,125.55,3.8997,0
11,5,128.88,3.8586,0
11,6,143.42,3.7538,0
11,7,156.29,3.5726,0
11,8,159.76,4.1413,1
11,9,82.15,4.1459,0
11,10,133.36,3.7187,0
11,11,102.11,4.0641,0
11,12,148.54,3.858,0
12,1,103.85,3.6778,0
12,2,106.09,3.6322,0
12,3,107.5,3.7295,0
12,4,110.58,3.8329,1
12,5,117.82,3.6185,0
12,6,144.22,3.8541,0
12,7,144.08,3.6325,0
12,8,128.81,3.8418,0
12,9,125.48,3.7438,0
12,10,63.836,4.0742,0
12,11,120.82,3.8088,0
12,12,140.76,3.8912,0
13,1,124.25,4.7311,0
13,2,125.57,4.6547,0
13,3,100.93,4.6162,0
13,4,135.5,4.4607,1
13,5,110.71,4.6709,0
13,6,146.59,4.9045,0
13,7,154.18,4.8156,0
13,8,150.27,4.6044,0
13,9,125.51,4.9209,0
13,10,145.87,4.7789,0
13,11,114.59,4.9186,0
13,12,173.69,4.8489,1
14,1,142.53,5.3038,0
14,2,117.5,5.4972,0
14,3,141.95,5.892,1
14,4,124.72,5.651,0
14,5,151.15,5.605,1
14,6,124.31,5.7456,1
14,7,144,5.803,1
14,8,130.9,5.6314,1
14,9,106.53,5.7933,0
14,10,125.78,5.5828,0
14,11,129.82,5.6805,0
14,12,156.27,5.703,0
15,1,96.749,5.1398,0
15,2,127.48,5.401,0
15,3,102.07,5.2267,0
15,4,147.59,5.0255,0
15,5,132.09,4.9302,0
15,6,126.63,5.0723,0
15,7,110.67,5.412,1
15,8,106.38,5.2874,0
15,9,131.11,5.0718,0
15,10,155.75,5.4318,0
15,11,139.44,5.1349,0
15,12,127.44,5.2648,1
16,1,134.23,3.7228,0
16,2,114.07,3.8355,0
16,3,137.18,3.7537,0
16,4,110.57,3.7599,0
16,5,127.18,3.7742,0
16,6,89.048,4.1851,0
16,7,113.88,3.6223,0
16,8,137.42,4.0693,0
16,9,140.11,3.8712,0
16,10,162.21,4.0304,1
16,11,138.72,4.1137,0
16,12,141.05,3.7707,0
17,1,121.75,2.3883,0
17,2,127.69,2.2604,0
17,3,138.24,2.1639,0
17,4,146.16,2.3208,0
17,5,131.52,2.3265,0
17,6,113.88,2.3979,0
17,7,91.858,2.4259,0
17,8,108.9,2.3389,0
17,9,104.43,2.5037,0
17,10,112.56,2.4551,0
17,11,152.08,2.6074,0
17,12,105.7,2.6431,0
18,1,128.14,3.4415,0
18,2,96.19,3.4863,1
18,3,107.71,3.693,0
18,4,111.06,3.844,0
18,5,105.27,3.754,0
18,6,142.21,3.5828,0
18,7,116.39,3.6275,0
18,8,145.54,3.8415,0
18,9,116.97,3.4655,0
18,10,105.75,3.605,0
18,11,144.92,3.5413,0
18,12,166.13,3.8683,0
19,1,147.6,4.4992,0
19,2,141.97,4.6177,0
19,3,133.49,4.7151,0
19,4,155.14,4.7679,0
19,5,152.72,4.6783,0
19,6,132.43,4.6041,1
19,7,131.36,4.7163,0
19,8,112.53,4.7313,0
19,9,131.3,4.6228,0
19,10,162.36,4.6153,1
19,11,141.98,4.8498,0
19,12,113.81,4.9342,0
20,1,135.73,3.2393,0
20,2,144.02,3.1773,1
20,3,140.94,3.1022,0
20,4,128.42,2.969,0
20,5,151.38,3.076,1
20,6,132.82,3.1458,0
20,7,134.36,3.2063,0
20,8,122.26,3.2978,0
20,9,117.92,3.3089,0
20,10,107.99,3.4086,1
20,11,125.93,3.3546,0
20,12,122.1,3.1201,0
21,1,99.157,4.4054,0
21,2,113.61,4.1539,0
21,3,129.07,4.2541,0
21,4,95.857,4.2303,0
21,5,124.7,4.4399,0
21,6,123.23,4.1118,0
21,7,90.014,4.4623,0
21,8,81.263,4.2852,0
21,9,150.12,4.2817,0
21,10,126.54,4.2277,0
21,11,148.85,4.3131,0
21,12,143.99,4.2699,0
22,1,112.94,5.7423,0
22,2,136.15,6.0538,0
22,3,141.73,5.8727,0
22,4,132.76,5.7625,0
22,5,144.75,6.0971,0
22,6,135.83,6.0294,0
22,7,145.38,6.0114,0
22,8,111.82,5.8933,0
22,9,154.68,6.0816,0
22,10,103.82,5.9074,0
22,11,141,5.9018,1
22,12,164.21,5.9418,1
23,1,124.04,5.9701,1
23,2,131.46,6.1248,0
23,3,134.11,6.193,0
23,4,120.11,5.7928,0
23,5,145.75,6.0268,0
23,6,139.95,5.9007,0
23,7,139.63,6.2936,1
23,8,147.91,6.3654,0
23,9,143.88,6.0574,1
23,10,114.56,6.2889,0
23,11,149.63,6.2583,0
23,12,154.4,6.2494,0
24,1,98.269,4.6154,0
24,2,145.39,4.6056,0
24,3,107.08,4.5464,1
24,4,106.69,4.4226,0
24,5,129.96,4.7582,0
24,6,94.791,4.4134,1
24,7,100.65,4.5589,0
24,8,121.96,4.5365,0
24,9,151.07,4.7441,0
24,10,166.44,4.7853,1
24,11,113.46,4.8152,0
24,12,118,4.8459,0
25,1,133.99,5.993,0
25,2,142.29,6.262,0
25,3,177.12,6.226,0
25,4,146.01,6.1489,1
25,5,144.81,6.2794,0
25,6,123.27,6.2226,0
25,7,116.37,6.1048,0
25,8,139.27,6.181,0
25,9,144.08,6.1724,0
25,10,124.23,6.1961,0
25,11,163.31,6.3199,0
25,12,179.01,6.3815,1
26,1,128.9,4.7699,0
26,2,151.78,4.7028,0
26,3,113.85,4.7881,0
26,4,94.588,5.0399,0
26,5,96.649,5.0907,0
26,6,138.81,4.7783,0
26,7,120.41,5.0459,0
26,8,140.26,4.9454,0
26,9,156.04,4.8911,0
26,10,143.49,5.079,0
26,11,151.26,4.8542,0
26,12,106.9,4.8703,0
27,1,109.13,5.0043,0
27,2,122.41,4.7417,0
27,3,165.2,4.9714,1
27,4,141.3,4.91,1
27,5,99.034,4.861,0
27,6,162.53,5.0034,0
27,7,138.63,5.1501,0
27,8,131.77,5.1135,0
27,9,116.32,5.4868,0
27,10,158.69,5.1625,0
27,11,121.35,5.0743,0
27,12,179.22,5.3168,0
28,1,122.61,4.9836,1
28,2,102.99,4.7746,0
28,3,104.71,4.9069,1
28,4,120.25,4.7701,0
28,5,126.9,4.899,0
28,6,129.88,4.9206,1
28,7,108.05,5.2815,0
28,8,139.42,5.0921,0
28,9,119.64,4.8406,0
28,10,143.09,4.8173,0
28,11,131.88,4.9359,0
28,12,148.58,5.1015,0
29,1,77.731,4.0383,0
29,2,136.93,3.6972,0
29,3,97.574,3.7745,0
29,4,106.91,3.5868,0
29,5,137.92,4.0004,0
29,6,155.64,3.9268,0
29,7,113.6,3.9825,0
29,8,128.39,3.9759,0
29,9,109.97,3.5873,0
29,10,94.262,4.0601,0
29,11,155.07,3.9046,0
29,12,159.85,3.8405,1
30,1,117.33,4.4438,0
30,2,104.96,4.6793,0
30,3,89.854,4.8101,0
30,4,107.81,4.6977,0
30,5,158.29,4.8256,1
30,6,122.03,4.5035,0
30,7,142.75,4.3773,0
30,8,131.72,4.5536,0
30,9,106.8,4.4695,0
30,10,111.08,4.4798,1
30,11,155.94,4.5986,0
30,12,144.3,4.4525,0
31,1,177.39,4.7248,0
31,2,116.89,4.8527,0
31,3,143.99,4.8989,1
31,4,128.2,4.784,0
31,5,122.51,4.8735,1
31,6,110.18,4.9215,0
31,7,109.05,4.8888,0
31,8,148.1,5.0546,0
31,9,123,4.8391,0
31,10,112.6,5.048,0
31,11,127.21,5.2121,0
31,12,118.4,5.2503,0
32,1,119.46,5.4952,0
32,2,93.162,5.6559,1
32,3,102.54,5.4588,0
32,4,135.26,5.68,1
32,5,116.41,5.3885,0
32,6,120.84,5.3952,0
32,7,170.12,5.5244,0
32,8,163.12,5.4081,0
32,9,138.05,5.756,1
32,10,111.38,5.7089,0
32,11,115.71,5.8542,0
32,12,182.5,5.7712,0
33,1,102.34,1.6379,0
33,2,116.71,1.4183,0
33,3,108.35,1.6975,0
33,4,134.65,1.5839,0
33,5,100.16,1.5081,0
33,6,97.34,1.779,0
33,7,79.204,1.7372,0
33,8,88.805,1.6182,0
33,9,125.13,1.6988,0
33,10,121.56,1.6198,0
33,11,141.77,1.5668,0
33,12,114.81,1.732,0
34,1,122.86,3.3462,0
34,2,130.76,3.3436,0
34,3,163.88,3.4653,1
34,4,127.73,3.3597,1
34,5,117.06,3.3954,0
34,6,118.52,3.6945,0
34,7,131.21,3.1462,0
34,8,123.72,3.3756,0
34,9,167.79,3.3179,0
34,10,147.33,3.8046,0
34,11,120.45,3.4912,0
34,12,143.68,3.7761,0
35,1,155.32,5.8112,1
35,2,103.82,5.8088,0
35,3,106.29,5.6461,0
35,4,122.25,5.6752,0
35,5,132.61,5.8327,0
35,6,133.69,5.7681,0
35,7,133.26,6.1668,1
35,8,140.14,5.7225,0
35,9,111.62,6.0988,0
35,10,117.58,5.975,0
35,11,156.01,5.8799,1
35,12,138.8,5.7951,0
36,1,112.15,4.8917,0
36,2,87.721,4.9159,0
36,3,129.81,4.8342,0
36,4,126.72,5.2592,0
36,5,99.659,4.9393,0
36,6,136.36,4.896,1
36,7,128.05,5.0866,0
36,8,146.49,5.1014,0
36,9,131.19,4.9152,1
36,10,122.3,5.0593,0
36,11,118.47,5.1761,0
36,12,97.898,5.3395,0
37,1,119.07,4.4832,0
37,2,122.11,4.6794,0
37,3,108.76,4.3307,0
37,4,104,4.5182,0
37,5,99.545,4.6151,0
37,6,128.3,4.2593,0
37,7,147.73,4.6512,0
37,8,73.997,4.5443,0
37,9,98.328,4.4888,1
37,10,159.62,4.8298,1
37,11,118.71,4.7183,0
37,12,136.51,4.5829,0
38,1,142.48,4.8073,0
38,2,164.16,4.6683,1
38,3,124.91,4.7381,0
38,4,132.26,5.0979,0
38,5,122.77,5.2036,0
38,6,133.73,5.0398,0
38,7,122.86,4.8403,0
38,8,98.755,5.009,0
38,9,144.5,4.8967,0
38,10,147.82,4.8878,0
38,11,124.13,5.144,0
38,12,119.65,5.3018,0
39,1,90.354,5.6072,0
39,2,108.4,5.7225,0
39,3,113.67,5.4969,0
39,4,118.6,5.5724,0
39,5,161.02,5.5765,0
39,6,142.08,5.8287,1
39,7,133.73,5.5896,1
39,8,138.11,5.6712,0
39,9,138.07,5.7684,0
39,10,160.16,5.6349,0
39,11,157.35,5.5781,0
39,12,159.61,5.6934,0
40,1,127.95,3.1847,1
40,2,133.19,3.2238,1
40,3,134.79,3.4407,0
40,4,119.86,3.3141,0
40,5,85.93,3.4617,0
40,6,128.5,3.164,0
40,7,104.35,3.359,0
40,8,126.67,3.2096,0
40,9,116.73,3.3996,0
40,10,117.57,3.248,0
40,11,151.51,3.476,0
40,12,121.44,3.5629,0
41,1,118.68,4.6794,0
41,2,120.16,4.7782,0
41,3,89.851,4.8915,0
41,4,144.1,4.8768,0
41,5,121.25,4.8042,0
41,6,146.79,4.5753,0
41,7,134.47,4.762,0
41,8,157.74,4.556,0
41,9,127.42,4.8011,1
41,10,95.998,4.9949,0
41,11,122.98,4.9509,0
41,12,116.61,5.2442,0
42,1,85.542,2.2571,0
42,2,131.79,2.4001,0
42,3,131.16,2.3288,0
42,4,133.58,2.1936,0
42,5,79.715,2.3463,0
42,6,84.791,2.2747,0
42,7,153.35,2.2387,0
42,8,124.63,2.2986,0
42,9,134.04,2.3703,0
42,10,110.3,2.7909,0
42,11,93.643,2.352,0
42,12,129,2.343,0
43,1,123.22,4.3381,1
43,2,171.83,4.4556,0
43,3,93.527,4.634,0
43,4,117.26,4.3185,0
43,5,121.01,4.148,1
43,6,164.96,4.5007,0
43,7,148.05,4.6696,1
43,8,111.02,4.1966,0
43,9,134.42,4.6659,0
43,10,102.55,4.7488,0
43,11,126.73,4.6093,0
43,12,201.69,4.3187,0
44,1,123.05,4.4059,0
44,2,94.907,4.4979,0
44,3,122.11,4.5505,0
44,4,106,4.5472,0
44,5,110.67,4.5649,1
44,6,103.11,4.6352,0
44,7,132.38,4.3176,0
44,8,150.89,4.6508,1
44,9,133.63,4.2663,0
44,10,105.76,4.5392,0
44,11,117.32,4.5926,0
44,12,177.52,4.7167,1
45,1,110.18,5.5102,0
45,2,112.6,5.6903,0
45,3,145.23,5.8693,0
45,4,97.951,5.7491,0
45,5,139.3,5.8151,0
45,6,120.42,5.7169,0
45,7,127.99,5.6506,1
45,8,158.91,5.8939,1
45,9,135.3,5.8508,0
45,10,149.42,5.934,1
45,11,155.67,5.728,1
45,12,153.53,5.8149,1
46,1,93.283,3.6622,0
46,2,94.962,3.3749,0
46,3,125.66,3.6222,0
46,4,106.29,3.6233,0
46,5,159.31,3.7917,1
46,6,110.4,3.8654,0
46,7,127.54,3.7855,0
46,8,166.14,3.452,0
46,9,130.84,3.3933,0
46,10,139.77,3.4497,0
46,11,124.6,3.7592,0
46,12,164.37,3.5943,0
47,1,126.12,4.7313,0
47,2,153.49,4.8718,1
47,3,114.5,4.8981,0
47,4,104.73,4.7327,1
47,5,124.12,4.9451,0
47,6,153.69,4.8001,0
47,7,145.73,4.8508,0
47,8,122.88,5.1134,0
47,9,133.13,4.9222,0
47,10,116.74,4.9132,0
47,11,154.87,5.2415,1
47,12,117.63,5.1883,0
48,1,134.82,5.3862,1
48,2,97.583,5.3829,0
48,3,127.21,5.223,0
48,4,158.1,5.2696,0
48,5,126.45,5.4934,0
48,6,135.99,5.4041,0
48,7,125.81,5.3325,0
48,8,100.3,5.7199,0
48,9,160.58,5.3541,0
48,10,166.58,5.3572,0
48,11,154.91,5.3963,1
48,12,162.77,5.1404,1
49,1,118.51,3.6176,0
49,2,84.321,3.7081,0
49,3,118.03,3.6481,0
49,4,136.61,3.414,0
49,5,99.248,3.4222,0
49,6,141.53,3.7388,0
49,7,108.19,3.5373,0
49,8,120.14,3.8077,0
49,9,123.09,3.4951,1
49,10,120.81,3.7481,0
49,11,152.64,3.548,0
49,12,115.78,3.6236,0
50,1,127.59,4.5371,0
50,2,111.27,4.8271,0
50,3,132.54,4.7768,1
50,4,113.32,4.7045,0
50,5,144.62,4.875,0
50,6,158.88,4.5685,0
50,7,133.54,4.4745,0
50,8,99.264,4.7962,1
50,9,131.9,4.7568,0
50,10,169.85,4.7722,1
50,11,140.06,4.6445,0
50,12,126.68,4.8922,0
51,1,112.73,4.4235,0
51,2,61.655,4.1776,0
51,3,125.32,4.3745,1
51,4,118.57,4.5678,1
51,5,115.5,4.3962,0
51,6,127.69,4.7131,1
51,7,98.543,4.4482,0
51,8,97.168,4.417,0
51,9,145.4,4.2834,0
51,10,117.67,4.4838,0
51,11,121.86,4.5804,0
51,12,143.81,4.7789,0
52,1,111.32,3.998,0
52,2,131.71,4.098,0
52,3,123.3,4.1534,0
52,4,113.43,4.2045,0
52,5,118.72,4.2323,0
52,6,99.932,4.3966,0
52,7,136.04,4.301,0
52,8,149.31,4.1338,0
52,9,136.13,4.5714,0
52,10,149.86,4.1637,1
52,11,117.3,4.3173,0
52,12,96.874,4.4841,0
53,1,99.511,3.989,0
53,2,143.69,3.6363,0
53,3,130.53,3.7702,0
53,4,112.92,3.6984,0
53,5,102.09,3.8034,0
53,6,102.26,3.8154,0
53,7,110.06,3.67,0
53,8,120.05,3.9203,0
53,9,118.93,3.9405,0
53,10,113.99,3.8669,0
53,11,110.55,3.8453,0
53,12,132.66,3.875,0
54,1,134.21,3.2737,1
54,2,115.12,3.437,0
54,3,82.783,3.4889,0
54,4,85.404,3.6549,0
54,5,128.1,3.6794,0
54,6,116.09,3.6019,0
54,7,99.836,3.7595,0
54,8,172.88,3.7264,0
54,9,146.86,3.8266,0
54,10,141.73,3.7133,0
54,11,130.17,3.7467,0
54,12,127.87,3.8362,0
55,1,153.72,3.053,0
55,2,101.92,3.2157,1
55,3,133.7,2.9883,0
55,4,136.15,3.1571,1
55,5,131.29,3.0843,0
55,6,117.42,3.1821,0
55,7,170.57,3.0149,1
55,8,143.41,3.2626,0
55,9,101.9,2.819,0
55,10,135.57,3.0783,0
55,11,134.4,3.5006,0
55,12,122.48,3.4422,0
56,1,117.92,3.8134,0
56,2,145.03,3.6737,0
56,3,123.92,3.7489,0
56,4,165.45,3.7488,1
56,5,111.5,3.9409,1
56,6,109,4.11,0
56,7,119.75,3.8699,0
56,8,135.96,3.896,0
56,9,136.77,3.8952,0
56,10,144.98,4.1106,0
56,11,144.36,3.9065,0
56,12,138.77,4.0058,0
57,1,129.54,3.1602,0
57,2,149.1,3.423,1
57,3,135.92,3.1543,0
57,4,83.858,3.4117,0
57,5,104.68,3.2268,0
57,6,73.78,3.8209,0
57,7,169.96,3.4249,1
57,8,120.27,3.2875,0
57,9,125.29,3.3892,0
57,10,88.952,3.6143,0
57,11,114.31,3.4486,0
57,12,154.94,3.2375,0
58,1,91.997,4.3656,0
58,2,153.09,4.2365,0
58,3,92.23,4.1446,0
58,4,102.16,4.4939,1
58,5,130.73,4.3358,0
58,6,97.021,4.1697,0
58,7,71.96,4.5724,0
58,8,134.65,4.5092,0
58,9,109.32,4.177,0
58,10,120.53,4.4117,0
58,11,121.04,4.505,0
58,12,161.64,4.2992,0
59,1,133.49,6.0348,1
59,2,134.78,5.9738,1
59,3,129.29,5.9749,0
59,4,88.634,5.8715,0
59,5,112.35,6.2262,0
59,6,140.09,6.1169,1
59,7,124.43,6.0568,0
59,8,118.97,6.1054,0
59,9,133.54,6.294,0
59,10,87.161,6.0726,0
59,11,98.748,6.0211,0
59,12,134.64,6.1915,0
60,1,86.815,4.112,1
60,2,105.43,3.942,0
60,3,122.02,3.8278,1
60,4,118.1,3.7806,0
60,5,130.64,3.878,0
60,6,120.54,4.2733,0
60,7,138.46,4.2097,0
60,8,127.07,3.9154,0
60,9,150.93,4.0699,0
60,10,145.84,4.1555,0
60,11,138.3,4.0309,0
60,12,171.61,4.1869,0
61,1,119.54,5.2386,0
61,2,144.24,5.1964,1
61,3,127.95,5.2325,0
61,4,149.23,5.4713,0
61,5,101.6,5.3365,0
61,6,111.15,5.3576,0
61,7,123.61,5.4214,0
61,8,131.61,5.3017,0
61,9,131,5.3783,0
61,10,123.17,5.5633,0
61,11,126.7,5.6258,1
61,12,107.87,5.4939,0
62,1,84.643,4.8557,0
62,2,137.27,4.7265,0
62,3,80.686,4.7827,0
62,4,130.19,4.8076,0
62,5,124.46,4.9548,0
62,6,136.27,4.8589,0
62,7,103.3,5.0722,0
62,8,137.46,4.7769,0
62,9,130.74,4.9803,0
62,10,161.48,4.8591,1
62,11,122.71,4.9695,0
62,12,173.47,4.9972,0
63,1,148.36,5.4404,0
63,2,126.87,5.7315,0
63,3,126.8,5.6765,0
63,4,101.41,6.0709,0
63,5,136.85,5.9536,0
63,6,140.78,5.7948,0
63,7,149.8,5.7498,0
63,8,133.09,5.8159,0
63,9,152,5.8955,0
63,10,121.17,6.0214,0
63,11,106.98,5.8769,0
63,12,126.9,6.024,1
64,1,146.41,4.2506,0
64,2,127.31,4.4723,0
64,3,95.708,4.258,0
64,4,119.36,4.1774,0
64,5,126.33,4.5132,0
64,6,116.51,4.4978,0
64,7,159.23,4.3044,0
64,8,128.66,4.3088,0
64,9,119.36,4.6047,0
64,10,121.1,4.3782,0
64,11,123.78,4.4638,0
64,12,129.21,4.6157,0
65,1,74.674,4.1982,0
65,2,147.4,4.0713,1
65,3,116.5,4.183,0
65,4,150.37,4.4017,0
65,5,147.18,4.1501,0
65,6,97.688,4.4279,0
65,7,147.62,4.2566,1
65,8,108.99,4.1551,0
65,9,111.14,4.1802,0
65,10,131.28,4.452,1
65,11,102.52,4.3838,0
65,12,110.92,4.3893,0
66,1,122.66,3.9261,0
66,2,87.827,4.3228,0
66,3,87.523,4.1477,0
66,4,147.77,4.2402,0
66,5,139.27,4.3868,0
66,6,150.04,4.0431,0
66,7,135.08,4.2848,0
66,8,129.84,4.048,0
66,9,161.08,3.9775,0
66,10,160.61,4.4508,0
66,11,122.04,4.2917,0
66,12,173.69,4.3566,0
67,1,81.208,2.852,0
67,2,80.46,3.0604,0
67,3,105.64,2.9115,0
67,4,114.97,3.1075,1
67,5,131.18,2.9293,0
67,6,133.47,3.1206,0
67,7,99.956,3.4702,0
67,8,140.3,3.2144,0
67,9,140.67,3.0428,0
67,10,108.68,3.0906,1
67,11,154.84,2.9217,1
67,12,151.74,3.1683,0
68,1,99.872,6.6288,0
68,2,110.6,6.6572,0
68,3,158.48,6.4155,1
68,4,181.27,6.573,1
68,5,122.3,6.5786,0
68,6,125.19,6.5571,0
68,7,146.15,6.4626,0
68,8,132.18,6.4742,0
68,9,129.75,6.5926,1
68,10,114.9,6.5464,0
68,11,118.44,6.5594,1
68,12,188.09,6.7108,1
69,1,117.11,2.8731,0
69,2,129.08,2.7774,1
69,3,120.19,2.844,0
69,4,96.567,2.9923,0
69,5,130.12,2.7448,0
69,6,142.25,2.8955,0
69,7,87.192,2.9283,0
69,8,130.86,2.8362,0
69,9,128.6,2.8518,0
69,10,142.41,2.8969,1
69,11,129.99,2.806,0
69,12,133.48,3.1386,0
70,1,103.45,4.1679,1
70,2,129.44,4.0722,0
70,3,123.8,4.1496,0
70,4,109.4,4.4183,0
70,5,137.28,3.9693,0
70,6,112.02,4.3131,0
70,7,123.93,4.3745,1
70,8,134.49,4.3736,0
70,9,124.5,4.0853,0
70,10,94.858,4.5517,0
70,11,101.49,4.2664,0
70,12,117.85,4.3657,0
71,1,163.82,3.8189,1
71,2,162.49,3.9147,0
71,3,120.7,3.74,0
71,4,89.773,3.898,0
71,5,123.94,3.8497,0
71,6,137.84,3.9397,0
71,7,175.47,4.0417,0
71,8,161.03,4.0159,0
71,9,117.67,4.1576,0
71,10,105.86,4.0513,0
71,11,139.76,3.6607,1
71,12,112.3,3.9942,0
72,1,149.66,4.5386,1
72,2,106.51,4.5432,0
72,3,120.45,4.691,1
72,4,106.03,4.3158,0
72,5,132.48,4.6274,0
72,6,105.89,4.4747,0
72,7,139.06,4.5656,0
72,8,107.41,4.5241,0
72,9,134.32,4.5549,0
72,10,121.36,4.5399,0
72,11,149.44,4.4589,0
72,12,127.31,4.1964,0
73,1,99.963,2.5896,0
73,2,96.955,2.56,0
73,3,113.1,2.7268,0
73,4,113.09,2.4575,0
73,5,105.66,2.8736,0
73,6,135.36,2.9768,0
73,7,151.3,2.6393,0
73,8,126.21,2.8494,1
73,9,164.31,2.8081,0
73,10,144.62,2.8274,0
73,11,160.34,3.0239,0
73,12,110.26,2.8916,0
74,1,110.33,5.0524,0
74,2,142.36,4.9911,0
74,3,135.26,5.1777,0
74,4,150.05,5.2189,0
74,5,132.16,5.2065,0
74,6,143.61,5.2561,1
74,7,120.59,5.3245,0
74,8,126.87,5.381,1
74,9,157.08,5.1643,1
74,10,137.7,5.2753,0
74,11,133.89,5.3423,0
74,12,147.51,5.2989,0
75,1,99.825,4.3027,0
75,2,100.33,4.1219,0
75,3,130.72,4.3715,0
75,4,128.07,4.2274,0
75,5,88.04,4.2852,0
75,6,103.94,4.6035,0
75,7,86.345,4.3277,0
75,8,150.67,4.3972,1
75,9,145.96,4.0147,0
75,10,131.8,4.5091,0
75,11,148.1,4.6257,1
75,12,124.66,4.2458,0
76,1,106.31,4.0227,0
76,2,120,3.963,0
76,3,145.77,3.7966,0
76,4,135.19,3.9035,0
76,5,121.07,4.1055,0
76,6,156.13,4.1291,1
76,7,122.57,4.2391,0
76,8,116.32,4.1058,0
76,9,148,4.1214,0
76,10,132.47,4.4053,0
76,11,112.42,4.0933,0
76,12,114.49,4.0963,0
77,1,105,5.8955,0
77,2,139.27,5.9174,0
77,3,136.65,5.8471,0
77,4,127.28,5.8688,0
77,5,126.31,5.7831,0
77,6,130.01,6.0696,0
77,7,157.78,5.9387,0
77,8,155.99,6.0308,1
77,9,120.86,6.0978,0
77,10,130.8,6.0533,0
77,11,164.84,5.67,1
77,12,129.28,6.1345,0
78,1,142.45,4.9459,0
78,2,126.88,5.0512,0
78,3,160.04,5.0758,1
78,4,123.67,4.8212,0
78,5,122.86,5.297,1
78,6,176.07,5.1385,1
78,7,95.2,5.2085,0
78,8,115.8,5.1029,0
78,9,147.35,5.2117,0
78,10,159.91,5.1467,0
78,11,112.89,5.127,0
78,12,150.58,5.332,0
79,1,138.42,6.1322,0
79,2,153.57,5.9997,0
79,3,139.4,6.2513,0
79,4,136.63,6.0741,0
79,5,124.6,6.1109,1
79,6,158.36,6.1344,0
79,7,144.01,6.3867,0
79,8,115.2,6.2617,0
79,9,151.9,6.0973,0
79,10,123.72,6.2236,0
79,11,111.12,6.3692,0
79,12,132.77,6.2732,0
80,1,123.09,5.6389,0
80,2,152.2,5.4166,0
80,3,123.13,5.5662,0
80,4,128.32,5.7493,0
80,5,139.69,5.5071,0
80,6,107.27,5.7114,0
80,7,126.54,5.7207,0
80,8,138,5.7104,1
80,9,132.66,5.6881,1
80,10,109.85,5.9574,0
80,11,120.53,5.6094,0
80,12,130.72,5.9692,0
81,1,101.87,3.6713,0
81,2,145.73,3.6893,0
81,3,101.36,3.8325,0
81,4,118.31,3.8269,0
81,5,104.51,4.217,0
81,6,158.36,3.5854,0
81,7,150.96,3.9121,0
81,8,111.7,3.9702,0
81,9,140.23,3.9258,0
81,10,115.99,3.8718,0
81,11,147.74,3.9456,0
81,12,184.12,3.4735,0
82,1,105.76,4.1389,0
82,2,100.09,4.0938,0
82,3,91.672,4.1885,0
82,4,144.01,4.0211,0
82,5,133.15,4.0921,0
82,6,140.76,4.0858,0
82,7,124.92,3.9012,0
82,8,104.4,4.3579,0
82,9,122.88,3.8473,0
82,10,118.01,4.1606,0
82,11,116.66,4.0617,0
82,12,132.09,4.2889,0
83,1,124.59,5.6469,1
83,2,150.41,5.3403,0
83,3,110.07,5.8616,0
83,4,143.8,5.5714,0
83,5,111.28,5.4872,0
83,6,169.67,5.5973,0
83,7,132.38,5.8083,0
83,8,132.94,5.6859,0
83,9,144.03,5.3526,1
83,10,121.01,5.9715,0
83,11,128.85,5.731,0
83,12,139.41,5.935,1
84,1,147.24,4.008,1
84,2,125.61,3.9333,0
84,3,117.83,3.8954,0
84,4,95.435,4.1001,0
84,5,91.523,3.7052,0
84,6,171.29,3.8305,1
84,7,125.57,3.755,0
84,8,125.06,3.8857,0
84,9,109.83,3.7552,0
84,10,138.41,4.1705,0
84,11,113.04,4.0203,0
84,12,149.52,4.0869,0
85,1,66.812,4.3054,0
85,2,121.05,4.4746,0
85,3,124.71,4.154,0
85,4,134.86,4.0639,0
85,5,119.18,4.1171,0
85,6,74.463,4.3693,0
85,7,106.27,4.3299,0
85,8,181.23,4.3594,0
85,9,158.38,4.3657,1
85,10,116.02,4.3055,0
85,11,147.47,4.1165,0
85,12,143.33,4.405,0
86,1,60.466,4.0481,0
86,2,113.1,3.664,0
86,3,84.354,3.9919,1
86,4,138.84,4.0586,0
86,5,142.64,3.756,0
86,6,152.76,3.8866,0
86,7,164.81,3.9421,0
86,8,124.86,4.076,0
86,9,124.43,4.0897,1
86,10,135.38,3.9659,0
86,11,135.55,3.9813,0
86,12,131.48,3.8985,0
87,1,113.33,4.7743,0
87,2,113.84,4.5088,1
87,3,120.33,4.8509,0
87,4,89.046,5.1191,0
87,5,126.41,4.9651,0
87,6,142.7,4.6056,0
87,7,137.47,5.0185,0
87,8,162.23,4.6094,1
87,9,138.16,5.0426,0
87,10,150.37,4.8837,0
87,11,138.64,4.6769,0
87,12,131.82,4.7473,0
88,1,147.18,5.4806,0
88,2,81.915,5.6037,0
88,3,103.3,5.3702,0
88,4,122.27,5.334,1
88,5,140.34,5.414,0
88,6,98.906,5.629,0
88,7,126.69,5.6656,0
88,8,141.65,5.5632,0
88,9,132.72,5.7736,1
88,10,149.12,5.5635,0
88,11,157.93,5.6843,1
88,12,189.14,5.474,0
89,1,84.839,3.6878,0
89,2,104.16,3.6953,0
89,3,138.15,3.6109,0
89,4,116.98,3.6391,0
89,5,113.68,3.7992,0
89,6,105.69,3.8484,0
89,7,150.8,3.5661,0
89,8,142.82,3.6706,0
89,9,141.08,3.9585,0
89,10,131.52,3.8627,0
89,11,99.402,4.0802,1
89,12,176.24,3.7544,0
90,1,98.747,3.7371,0
90,2,127.68,3.7474,0
90,3,159.96,3.7681,1
90,4,119.06,3.9698,0
90,5,115.8,3.9674,0
90,6,125.36,4.4181,0
90,7,113.79,4.0403,0
90,8,117.81,3.5596,0
90,9,85.342,3.7817,0
90,10,124.69,3.9295,0
90,11,136.43,3.804,0
90,12,164.25,3.8727,0
91,1,143.55,5.3089,1
91,2,143.21,5.2725,0
91,3,123.7,5.0916,0
91,4,152.35,5.3681,0
91,5,147.55,5.2385,0
91,6,130.18,5.4363,1
91,7,138.76,5.049,0
91,8,111.9,5.4424,1
91,9,116.35,5.4113,0
91,10,140.95,5.5024,0
91,11,121.84,5.3886,0
91,12,147.33,5.3229,1
92,1,157.18,6.109,1
92,2,109.27,6.1791,0
92,3,135.82,6.0333,1
92,4,108.85,6.0188,0
92,5,144.92,6.1264,0
92,6,156.64,5.9605,1
92,7,117.58,5.9568,1
92,8,122.25,5.9629,0
92,9,123.81,6.2924,0
92,10,94.08,6.2856,1
92,11,123.72,6.2837,1
92,12,115.99,6.7508,0
93,1,129.13,5.3848,0
93,2,114.73,5.4256,0
93,3,100.64,5.3218,0
93,4,133.98,5.1315,1
93,5,137.38,5.5646,0
93,6,122.01,5.5583,0
93,7,102.02,5.4707,0
93,8,197.36,5.1294,0
93,9,136.09,5.5328,0
93,10,164.21,5.4971,0
93,11,184.3,5.768,0
93,12,162.97,5.4866,0
94,1,110.81,2.7303,0
94,2,74.501,2.7093,0
94,3,84.685,2.8142,0
94,4,108.13,2.8094,0
94,5,117.86,3.0402,0
94,6,149.63,3.2238,0
94,7,172.85,2.7396,0
94,8,140.8,2.9019,0
94,9,100.36,2.9129,0
94,10,127.7,2.7024,0
94,11,172.42,2.997,0
94,12,131.85,2.9141,0
95,1,116.22,4.1394,0
95,2,104.39,4.4098,1
95,3,124.15,4.3495,0
95,4,112.1,4.1657,0
95,5,128.84,4.4078,0
95,6,148.12,4.2453,0
95,7,173.13,4.224,1
95,8,127.47,4.3245,0
95,9,181.59,4.196,0
95,10,168.5,4.2974,0
95,11,117.45,4.2957,0
95,12,168.77,4.3434,0
96,1,137.22,4.6197,1
96,2,94.829,4.9332,0
96,3,143.76,4.7758,0
96,4,152.65,4.6097,1
96,5,133.11,4.8286,0
96,6,125.45,4.8261,0
96,7,103.19,4.8589,0
96,8,177.14,4.7441,0
96,9,170.56,4.5594,1
96,10,164.81,4.8542,0
96,11,143.04,4.8319,0
96,12,130.67,4.6517,0
97,1,134.73,4.6455,0
97,2,91.362,4.3428,0
97,3,126.47,4.5259,0
97,4,109.85,4.2757,0
97,5,119.71,4.6362,0
97,6,138.93,4.4109,0
97,7,146.72,4.3879,0
97,8,128.79,4.5996,1
97,9,124.71,4.4589,0
97,10,86.52,4.7499,1
97,11,108.68,4.7831,1
97,12,186.17,4.5525,1
98,1,124.15,4.0876,1
98,2,128.64,3.6622,0
98,3,94.54,3.6423,0
98,4,124.77,3.5938,1
98,5,94.105,3.6131,1
98,6,99.435,3.8649,1
98,7,94.775,3.7601,0
98,8,85.727,3.942,0
98,9,99.005,3.8912,0
98,10,106.33,3.7715,0
98,11,126.63,3.8125,1
98,12,159.94,3.7681,0
99,1,149.12,2.4488,0
99,2,96.287,2.3989,0
99,3,116.65,2.5655,0
99,4,120.22,2.029,0
99,5,87.765,2.7373,0
99,6,101,2.3296,0
99,7,79.997,2.6228,0
99,8,154.56,2.2534,1
99,9,120.94,2.6274,0
99,10,150.12,2.3749,0
99,11,105.18,2.896,0
99,12,120.33,2.5811,0
100,1,130.67,5.6074,0
100,2,123.91,5.4939,0
100,3,153.61,5.5671,0
100,4,117.96,5.6408,1
100,5,156.85,5.6537,0
100,6,122.72,5.6398,0
100,7,141.5,5.4884,1
100,8,126.63,5.526,0
100,9,131.98,5.7692,1
100,10,168.16,5.7829,0
100,11,133.83,5.6155,1
100,12,169.9,5.9974,1
