store,month,sales,price,treatment
1,1,80.105,2.9269,1
1,2,105.72,2.798,1
1,3,77.212,3.0511,1
1,4,108.69,3.0942,1
1,5,133.2,2.9836,1
1,6,120.49,2.796,1
1,7,141.61,3.0152,1
1,8,124.36,3.015,1
1,9,130.46,2.7322,1
1,10,179.47,2.7096,1
1,11,115.59,3.03,1
1,12,142.9,3.0523,1
2,1,135.52,3.2348,1
2,2,143.54,3.189,1
2,3,98.46,3.2629,1
2,4,74.555,3.4044,1
2,5,129.2,3.3583,1
2,6,116.63,3.2115,1
2,7,140.82,3.4777,1
2,8,187.1,3.2983,1
2,9,148.63,3.2789,1
2,10,122.26,3.3485,1
2,11,161.92,3.6301,1
2,12,131.48,3.1611,1
3,1,127.92,5.3606,1
3,2,132.45,5.1766,1
3,3,143.09,5.2448,1
3,4,147.91,5.324,1
3,5,120.37,5.4359,1
3,6,106.34,5.2406,1
3,7,111.01,5.5064,1
3,8,122.32,5.4525,1
3,9,156.81,5.381,1
3,10,119.84,5.5472,1
3,11,121.95,5.3741,1
3,12,153.21,5.6047,1
4,1,123.45,6.9972,1
4,2,109.7,6.9504,1
4,3,80.768,6.8457,1
4,4,124.04,6.8984,1
4,5,138.58,6.8674,1
4,6,129.5,6.8622,1
4,7,136.06,6.9778,1
4,8,162.5,6.9052,1
4,9,129.73,6.8668,1
4,10,131.07,6.8358,1
4,11,143.26,6.8803,1
4,12,173.05,6.8126,1
5,1,141.55,4.8873,1
5,2,136.11,4.9196,1
5,3,145.02,4.8022,1
5,4,125.42,5.1855,1
5,5,151.87,5.3829,1
5,6,142.34,4.8909,1
5,7,131.63,5.1389,1
5,8,122.87,5.021,1
5,9,149.01,5.2182,1
5,10,138.23,4.6697,1
5,11,136.56,5.1438,1
5,12,150,4.9728,1
6,1,105.17,4.0405,1
6,2,134.24,3.8795,1
6,3,131.26,4.0808,1
6,4,165.71,4.1302,1
6,5,128.36,4.0991,1
6,6,170,4.1086,1
6,7,186.07,4.0065,1
6,8,159.18,4.1869,1
6,9,154.29,4.1048,1
6,10,108.46,4.2792,1
6,11,128.24,4.4149,1
6,12,140.77,4.2715,1
7,1,103.68,4.2775,1
7,2,147.66,4.5326,1
7,3,127.99,4.451,1
7,4,131.36,4.6213,1
7,5,142.39,4.7671,1
7,6,133.51,4.3694,1
7,7,137.98,4.3244,1
7,8,162.17,4.6438,1
7,9,131.4,4.5209,1
7,10,173.99,4.8262,1
7,11,143.94,4.4073,1
7,12,145.04,4.6573,1
8,1,93.004,3.8454,1
8,2,99.031,3.6383,1
8,3,105.62,3.6775,1
8,4,131.82,3.7438,1
8,5,113.96,3.5898,1
8,6,116.62,3.7545,1
8,7,137.51,3.8125,1
8,8,123.08,3.8026,1
8,9,138.78,3.512,1
8,10,171.97,3.4942,1
8,11,138.73,3.4424,1
8,12,178.29,3.8114,1
9,1,135.58,3.4492,1
9,2,116.85,3.0169,1
9,3,123.82,3.2991,1
9,4,103.58,3.2752,1
9,5,109.98,3.554,1
9,6,142.81,3.2915,1
9,7,160.55,2.9898,1
9,8,122.35,3.5761,1
9,9,91.581,3.5453,1
9,10,130.68,3.3591,1
9,11,122.19,3.2815,1
9,12,139.01,3.2722,1
10,1,161.09,6.6621,1
10,2,130.48,6.7787,1
10,3,149.12,7.0399,1
10,4,143.97,6.788,1
10,5,142.82,7.2996,1
10,6,122.98,6.8364,1
10,7,146.57,7.1247,1
10,8,195.23,7.0249,1
10,9,145.68,7.0165,1
10,10,169.5,7.0616,1
10,11,130.24,6.9067,1
10,12,208.25,6.8559,1
11,1,106.08,3.5844,1
11,2,108.92,3.5321,1
11,3,103.12,3.4872,1
11,4,105.29,3.4831,1
11,5,121.28,3.6201,1
11,6,146.13,3.4177,1
11,7,138.67,3.5028,1
11,8,143.7,3.6867,1
11,9,126.3,3.4685,1
11,10,143.16,3.7421,1
11,11,124.28,3.938,1
11,12,165.53,3.7803,1
12,1,143.93,2.6264,1
12,2,123.04,2.5291,1
12,3,168.62,2.5395,1
12,4,106.26,2.456,1
12,5,133.81,2.6961,1
12,6,127.77,2.4098,1
12,7,116.69,2.7109,1
12,8,138.56,2.5146,1
12,9,153.15,2.8056,1
12,10,116.73,2.6297,1
12,11,104.01,2.574,1
12,12,144.53,2.7591,1
13,1,113.42,5.3964,1
13,2,119.97,5.278,1
13,3,149.97,5.1133,1
13,4,121.04,5.4142,1
13,5,122.44,5.4648,1
13,6,167.77,5.254,1
13,7,138.39,5.3777,1
13,8,146.96,5.5576,1
13,9,133.12,5.31,1
13,10,150.67,5.4674,1
13,11,148.88,5.4032,1
13,12,128.81,5.3534,1
14,1,118.13,4.4367,1
14,2,117.75,4.5982,1
14,3,144.65,4.5884,1
14,4,120.29,4.2377,1
14,5,136.77,4.8205,1
14,6,127.3,4.6953,1
14,7,125.41,4.5708,1
14,8,140.28,4.6616,1
14,9,140.46,4.3827,1
14,10,163.33,4.3001,1
14,11,172.34,4.4279,1
14,12,124.55,4.5825,1
15,1,87.655,3.3903,1
15,2,97.251,3.7193,1
15,3,113.37,3.4083,1
15,4,102.62,3.6142,1
15,5,136.79,3.7256,1
15,6,121.28,3.3532,1
15,7,115.74,3.6121,1
15,8,104.21,3.4271,1
15,9,91.048,3.3772,1
15,10,132.96,3.2609,1
15,11,109.6,3.6424,1
15,12,127.29,3.8645,1
16,1,175.58,3.811,1
16,2,125.82,3.5813,1
16,3,111.58,3.4764,1
16,4,89.025,3.8333,1
16,5,116.48,3.7957,1
16,6,171.6,3.837,1
16,7,117.54,4.0832,1
16,8,180.83,3.9849,1
16,9,165.86,3.7568,1
16,10,95.819,3.6744,1
16,11,153.56,3.9614,1
16,12,151.35,3.7843,1
17,1,152.52,3.6276,1
17,2,93.331,3.7931,1
17,3,121.07,3.8477,1
17,4,121.85,3.9614,1
17,5,124.46,3.9722,1
17,6,153.13,4.0753,1
17,7,141.75,4.0524,1
17,8,153.4,3.899,1
17,9,130.65,4.2215,1
17,10,133.79,4.1861,1
17,11,162.04,3.792,1
17,12,113.28,3.936,1
18,1,102.71,5.395,1
18,2,120.17,5.2432,1
18,3,118.1,5.4047,1
18,4,107.43,5.3885,1
18,5,128.78,5.2669,1
18,6,148.89,5.351,1
18,7,145.6,5.5917,1
18,8,138.44,5.5639,1
18,9,135.34,5.1787,1
18,10,138.88,5.4248,1
18,11,140.1,5.6278,1
18,12,156.37,5.5453,1
19,1,121.84,5.6054,1
19,2,91.36,5.4568,1
19,3,116.8,5.5409,1
19,4,119.59,5.3966,1
19,5,137.65,5.5851,1
19,6,144.92,5.2719,1
19,7,159.68,5.4776,1
19,8,156.93,5.5159,1
19,9,124.43,5.7127,1
19,10,147.22,5.6882,1
19,11,154.59,5.4366,1
19,12,153.57,5.5649,1
20,1,114.2,3.3613,1
20,2,109.83,3.5252,1
20,3,161.84,3.6017,1
20,4,141.98,3.6776,1
20,5,92.99,3.4724,1
20,6,149.63,3.7218,1
20,7,128.54,3.6376,1
20,8,124.03,3.7343,1
20,9,116.36,3.6587,1
20,10,147.01,3.6874,1
20,11,156.22,3.8421,1
20,12,111.75,3.6299,1
21,1,101.78,4.9315,1
21,2,116.13,5.0063,1
21,3,121.36,5.0263,1
21,4,154.18,4.9849,1
21,5,121.1,4.9979,1
21,6,148.11,4.8903,1
21,7,143.67,4.9771,1
21,8,113.12,5.1304,1
21,9,141.23,4.9012,1
21,10,156.66,4.8779,1
21,11,128.78,4.9711,1
21,12,172.26,4.8214,1
22,1,101.07,4.7504,1
22,2,116.7,4.8124,1
22,3,84.377,4.4913,1
22,4,100.29,4.8599,1
22,5,131.74,4.6435,1
22,6,146.58,4.8233,1
22,7,137.88,4.8207,1
22,8,170.93,4.8074,1
22,9,151.78,4.8055,1
22,10,139.45,4.8013,1
22,11,132.95,5.0087,1
22,12,146.37,4.799,1
23,1,147.91,3.5959,1
23,2,141.05,3.6836,1
23,3,149.12,3.6217,1
23,4,122.66,3.5974,1
23,5,115.69,3.7398,1
23,6,126.73,3.7278,1
23,7,151.61,3.4792,1
23,8,127.09,3.7347,1
23,9,102.47,3.5483,1
23,10,137.67,3.4263,1
23,11,195.46,3.356,1
23,12,135.65,3.5658,1
24,1,134.49,4.2837,1
24,2,116.56,4.292,1
24,3,114.7,4.2001,1
24,4,101.77,4.291,1
24,5,90.842,4.4301,1
24,6,131.43,4.1862,1
24,7,109.81,4.2703,1
24,8,122.69,4.4751,1
24,9,159.2,4.1298,1
24,10,141.51,4.3172,1
24,11,90.495,4.6771,1
24,12,179.59,4.3341,1
25,1,135.64,4.1329,1
25,2,136.41,3.9425,1
25,3,130.1,4.1013,1
25,4,109.5,4.1326,1
25,5,124.43,4.1732,1
25,6,137.4,4.3958,1
25,7,143.47,4.1246,1
25,8,159.58,4.3491,1
25,9,132.19,4.2641,1
25,10,166.69,4.4317,1
25,11,135.61,4.4558,1
25,12,145.34,4.2876,1
26,1,146.09,4.3161,1
26,2,100.16,4.6951,1
26,3,90.759,4.6226,1
26,4,89.518,4.7053,1
26,5,137.74,4.7452,1
26,6,139.48,4.5965,1
26,7,134.91,4.5454,1
26,8,130.2,4.4984,1
26,9,147.08,4.3928,1
26,10,136.15,4.674,1
26,11,131.07,4.5477,1
26,12,141.98,4.6085,1
27,1,88.052,3.8359,1
27,2,97.444,3.7748,1
27,3,120.67,3.6765,1
27,4,113.76,3.6623,1
27,5,100.53,3.9888,1
27,6,78.512,3.5861,1
27,7,116.33,3.6837,1
27,8,135.6,3.7501,1
27,9,158.09,3.5839,1
27,10,149.19,3.7774,1
27,11,134.84,3.6017,1
27,12,104.97,3.6345,1
28,1,76.314,5.1646,1
28,2,114.48,5.0477,1
28,3,71.83,4.9924,1
28,4,91.636,5.096,1
28,5,141.19,5.0745,1
28,6,133.28,4.9522,1
28,7,103.85,4.9935,1
28,8,108.77,5.2255,1
28,9,165.62,4.9453,1
28,10,169.29,5.1626,1
28,11,135.73,5.1753,1
28,12,115.45,5.2045,1
29,1,90.984,3.722,1
29,2,115.86,3.6133,1
29,3,109.13,3.6616,1
29,4,94.606,3.609,1
29,5,113.7,3.687,1
29,6,131.46,3.7295,1
29,7,106.4,3.4898,1
29,8,135.65,3.5951,1
29,9,125.17,3.9502,1
29,10,117.02,3.7561,1
29,11,167.71,3.634,1
29,12,144.34,3.8042,1
30,1,140.7,5.5765,1
30,2,120.15,5.671,1
30,3,136.61,5.7597,1
30,4,107.59,5.5613,1
30,5,191.94,5.5181,1
30,6,110.49,5.6899,1
30,7,124.29,5.6349,1
30,8,113.73,5.5467,1
30,9,155.34,5.7216,1
30,10,146.89,5.9312,1
30,11,144.03,5.7792,1
30,12,135.84,5.8654,1
31,1,96.709,4.5067,1
31,2,108.7,4.4621,1
31,3,121.22,4.4035,1
31,4,188.69,4.3013,1
31,5,127.61,4.6383,1
31,6,110.09,4.4533,1
31,7,160.72,4.4518,1
31,8,152.78,4.4854,1
31,9,140.32,4.4057,1
31,10,166.03,4.6214,1
31,11,165.79,4.6272,1
31,12,108.49,4.7064,1
32,1,86.029,5.5834,1
32,2,127.27,5.5257,1
32,3,127.5,5.5717,1
32,4,122.53,5.6791,1
32,5,128.98,5.8662,1
32,6,190.04,5.551,1
32,7,129.54,5.4626,1
32,8,146.26,5.4156,1
32,9,150.83,5.7073,1
32,10,158.81,5.3906,1
32,11,114.33,5.5707,1
32,12,161.09,5.3369,1
33,1,156.05,4.5595,1
33,2,141.74,4.4437,1
33,3,99.852,4.7728,1
33,4,140.88,4.4513,1
33,5,136.91,4.638,1
33,6,104.11,4.4223,1
33,7,155.93,4.5908,1
33,8,116.56,4.7087,1
33,9,117.53,4.8873,1
33,10,112.48,4.703,1
33,11,174.45,4.5429,1
33,12,168.66,4.6706,1
34,1,111.54,3.8099,1
34,2,113.44,4.0603,1
34,3,132.53,3.8179,1
34,4,150.82,3.8185,1
34,5,87.133,3.8864,1
34,6,136.16,4.0051,1
34,7,124.91,3.6098,1
34,8,132.02,4.035,1
34,9,127.55,3.7309,1
34,10,160.56,4.128,1
34,11,139.24,4.0588,1
34,12,104.21,4.1086,1
35,1,126.94,5.0746,1
35,2,90.582,5.1505,1
35,3,150.09,5.2076,1
35,4,117.04,4.9586,1
35,5,139.69,4.9278,1
35,6,127.19,4.8617,1
35,7,180.61,5.1626,1
35,8,94.764,5.1786,1
35,9,177.33,5.2124,1
35,10,141.46,5.3981,1
35,11,145.58,5.3299,1
35,12,113.66,5.0145,1
36,1,113.71,6.5854,1
36,2,141.9,6.4616,1
36,3,134.49,6.5668,1
36,4,130.62,6.343,1
36,5,130.31,6.6215,1
36,6,141.7,6.6406,1
36,7,167.18,6.5705,1
36,8,129.92,6.4761,1
36,9,172.4,6.3753,1
36,10,180.84,6.2507,1
36,11,154.12,6.4058,1
36,12,142.5,6.5326,1
37,1,87.418,2.6605,1
37,2,93.463,2.7227,1
37,3,147.47,2.5089,1
37,4,107.26,2.6418,1
37,5,133.94,2.6781,1
37,6,121.58,2.7564,1
37,7,142.13,2.7106,1
37,8,151.78,2.6654,1
37,9,134.75,2.8016,1
37,10,128.5,3.0269,1
37,11,160.5,2.7632,1
37,12,130.57,2.7745,1
38,1,109.05,2.745,1
38,2,138.55,2.9987,1
38,3,113.1,3.1714,1
38,4,125.1,3.3913,1
38,5,113.58,3.276,1
38,6,126.77,3.1726,1
38,7,121.63,3.105,1
38,8,148.24,3.0605,1
38,9,150.94,3.1278,1
38,10,110.24,3.0531,1
38,11,159.86,2.8754,1
38,12,173.9,3.0185,1
39,1,122.15,2.0808,1
39,2,105.03,1.9,1
39,3,96.89,2.1892,1
39,4,102.18,2.1434,1
39,5,119.75,1.8581,1
39,6,159.49,2.0422,1
39,7,133.38,1.9211,1
39,8,127.53,1.9676,1
39,9,141.96,1.8848,1
39,10,128.41,2.2277,1
39,11,152.25,2.1087,1
39,12,130.62,2.3336,1
40,1,100.56,6.0917,1
40,2,88.774,6.0608,1
40,3,131.15,6.1231,1
40,4,174.17,5.9496,1
40,5,155.58,6.0209,1
40,6,135.31,6.1723,1
40,7,149.33,6.001,1
40,8,129.49,6.2669,1
40,9,144.65,6.3047,1
40,10,143.13,6.0753,1
40,11,171.04,6.1799,1
40,12,144.26,6.1674,1
41,1,112.84,2.9857,1
41,2,111.06,3.1516,1
41,3,115.28,3.2108,1
41,4,99.856,3.2111,1
41,5,121.28,3.0425,1
41,6,109.9,3.1108,1
41,7,105.72,3.1269,1
41,8,116.66,3.0624,1
41,9,126.94,3.0834,1
41,10,70.216,3.3459,1
41,11,103.15,3.3574,1
41,12,140.16,3.2824,1
42,1,96.871,4.7963,1
42,2,149.03,4.9382,1
42,3,149.05,4.7471,1
42,4,154.02,4.8435,1
42,5,105.16,4.9715,1
42,6,138.4,4.835,1
42,7,152.26,4.6996,1
42,8,118.34,4.9278,1
42,9,140.53,4.8804,1
42,10,159.42,4.945,1
42,11,165.22,4.8683,1
42,12,184.8,4.9354,1
43,1,127.34,5.2024,1
43,2,153,5.1877,1
43,3,102.89,5.4079,1
43,4,168.38,5.1981,1
43,5,138.94,5.3123,1
43,6,131.65,5.1882,1
43,7,137.35,5.3207,1
43,8,105.11,5.203,1
43,9,109.22,5.4433,1
43,10,132.25,5.4349,1
43,11,143.36,5.4196,1
43,12,142.92,5.435,1
44,1,86.666,3.3873,1
44,2,131.61,3.3301,1
44,3,108.85,3.4513,1
44,4,87.156,3.5459,1
44,5,128,3.3959,1
44,6,157.17,3.4421,1
44,7,131.81,3.4057,1
44,8,133.29,3.6342,1
44,9,129.89,3.5492,1
44,10,138.71,3.6899,1
44,11,157.1,3.5679,1
44,12,145,3.8374,1
45,1,127.88,5.2339,1
45,2,89.343,4.9599,1
45,3,121.39,5.1419,1
45,4,131.88,5.2837,1
45,5,117.32,4.9929,1
45,6,156.74,5.3656,1
45,7,133.39,5.1846,1
45,8,169.44,4.9933,1
45,9,141.24,5.1637,1
45,10,151.49,5.6678,1
45,11,145.33,5.2811,1
45,12,172.92,5.0871,1
46,1,108.22,5.5406,1
46,2,131.09,5.6342,1
46,3,164.19,5.7012,1
46,4,133.56,5.9955,1
46,5,104.14,5.9411,1
46,6,137.72,5.8849,1
46,7,139.44,6.0204,1
46,8,148.76,5.8981,1
46,9,137.84,6.0344,1
46,10,121.79,5.7896,1
46,11,167.73,5.7385,1
46,12,150.64,5.8157,1
47,1,129.5,3.6229,1
47,2,112.86,3.845,1
47,3,107.23,3.6026,1
47,4,119.92,3.9917,1
47,5,111,3.7052,1
47,6,139.02,3.7572,1
47,7,121.52,3.7193,1
47,8,135.74,3.6314,1
47,9,143.7,3.9108,1
47,10,162.36,4.0025,1
47,11,113.89,3.8297,1
47,12,163.86,3.792,1
48,1,120.57,4.8108,1
48,2,103.61,4.6383,1
48,3,138.9,4.715,1
48,4,98.622,4.8039,1
48,5,103.07,4.9606,1
48,6,131.98,4.9166,1
48,7,116.42,4.7088,1
48,8,153.86,4.9006,1
48,9,151.62,4.747,1
48,10,121.15,5.1411,1
48,11,137.32,4.9646,1
48,12,164.67,4.9435,1
49,1,114.72,2.9656,1
49,2,90.92,3.2438,1
49,3,119.41,2.5999,1
49,4,141.04,3.2978,1
49,5,129.58,2.9819,1
49,6,93.79,3.1662,1
49,7,143.64,3.3166,1
49,8,173.6,3.0488,1
49,9,125.45,3.1389,1
49,10,85.845,3.2976,1
49,11,115.44,3.0638,1
49,12,153.41,3.0889,1
50,1,134.66,3.1969,1
50,2,148.56,3.1478,1
50,3,110.57,3.482,1
50,4,107.01,3.3335,1
50,5,142.12,3.5528,1
50,6,107.59,3.4523,1
50,7,129.58,3.4711,1
50,8,129.99,3.391,1
50,9,147.39,3.4129,1
50,10,91.398,3.5796,1
50,11,121.47,3.5051,1
50,12,132.67,3.6415,1
51,1,92.698,3.5922,1
51,2,120.31,3.7068,1
51,3,113.24,3.6328,1
51,4,135.86,3.4949,1
51,5,151.48,3.5682,1
51,6,108.72,3.5147,1
51,7,185.12,3.7024,1
51,8,125.73,3.9304,1
51,9,131.22,3.7676,1
51,10,134.96,3.6142,1
51,11,114.45,3.6978,1
51,12,124.87,3.7127,1
52,1,125.22,4.6653,1
52,2,110.22,4.9289,1
52,3,125.15,4.6605,1
52,4,145.61,4.9154,1
52,5,111.8,4.7787,1
52,6,118.66,4.6868,1
52,7,96.506,5.0432,1
52,8,127.05,4.8008,1
52,9,154.3,4.8717,1
52,10,101,4.9041,1
52,11,125.14,5.0824,1
52,12,115.22,4.8016,1
53,1,129.66,3.8008,1
53,2,152.67,3.889,1
53,3,100.75,3.9906,1
53,4,91.619,3.9083,1
53,5,97.448,4.092,1
53,6,108.61,4.1837,1
53,7,103.04,4.3148,1
53,8,80.48,4.2746,1
53,9,166.39,4.2122,1
53,10,127.95,4.1801,1
53,11,163.39,4.0672,1
53,12,124.82,4.2452,1
54,1,132.81,7.1264,1
54,2,118.57,7.1894,1
54,3,107.51,7.073,1
54,4,129.95,6.9586,1
54,5,159.33,7.3755,1
54,6,115.97,7.1596,1
54,7,138.52,7.3054,1
54,8,117.03,7.0902,1
54,9,170.36,7.1949,1
54,10,166.24,7.1782,1
54,11,167.27,7.3166,1
54,12,139.63,7.4969,1
55,1,128.19,4.9126,1
55,2,126.84,4.8994,1
55,3,136.91,4.8975,1
55,4,135.91,4.9016,1
55,5,110.86,4.883,1
55,6,131.32,4.9129,1
55,7,143.98,4.8758,1
55,8,130.88,5.1436,1
55,9,197.22,5.0951,1
55,10,143.1,4.9575,1
55,11,125.02,5.1581,1
55,12,168.63,5.0485,1
56,1,106.75,5.1755,1
56,2,109.35,5.0057,1
56,3,92.951,5.0235,1
56,4,90.554,5.2676,1
56,5,163.86,5.1164,1
56,6,166.36,5.1482,1
56,7,187.51,4.925,1
56,8,178.47,5.0494,1
56,9,179.63,4.9597,1
56,10,150.5,5.1081,1
56,11,124.02,5.2396,1
56,12,158.76,5.2933,1
57,1,125.57,3.5702,1
57,2,95.943,3.5711,1
57,3,105.2,3.3657,1
57,4,122.29,3.6178,1
57,5,129.51,3.5847,1
57,6,142.73,3.3461,1
57,7,160.21,3.5582,1
57,8,107.94,3.5669,1
57,9,132.48,3.5658,1
57,10,163.94,3.7065,1
57,11,127.84,3.6776,1
57,12,138.66,3.5903,1
58,1,145.67,4.9275,1
58,2,111.82,4.8554,1
58,3,136.06,4.8675,1
58,4,112.97,4.8983,1
58,5,149.62,4.7745,1
58,6,112.62,4.8606,1
58,7,89.916,5.0915,1
58,8,130.71,4.9521,1
58,9,133.54,5.085,1
58,10,121.37,5.1893,1
58,11,114,4.9291,1
58,12,138.26,5.2353,1
59,1,117.36,4.8395,1
59,2,135.33,5.1516,1
59,3,132.16,5.0861,1
59,4,99.124,5.1944,1
59,5,115.91,4.8796,1
59,6,112.07,5.1588,1
59,7,119.73,5.092,1
59,8,82.216,5.1157,1
59,9,127.42,5.114,1
59,10,112.86,5.1363,1
59,11,135,5.1709,1
59,12,158.69,5.2673,1
60,1,81.132,5.0412,1
60,2,150.24,5.0448,1
60,3,125.21,4.8967,1
60,4,91.419,5.2706,1
60,5,119.42,5.0987,1
60,6,94.309,5.2391,1
60,7,113.65,4.9436,1
60,8,107.2,5.3829,1
60,9,137.43,5.4209,1
60,10,125.33,5.3343,1
60,11,158.42,5.0955,1
60,12,120.45,5.4615,1
61,1,109.66,4.3397,1
61,2,122.98,4.3383,1
61,3,119.35,4.1943,1
61,4,133.98,4.2053,1
61,5,93.045,4.0608,1
61,6,139.03,3.871,1
61,7,146.83,3.9097,1
61,8,96.971,4.25,1
61,9,129.15,4.0911,1
61,10,130.07,4.2874,1
61,11,153.25,4.2387,1
61,12,158.61,4.4062,1
62,1,123.86,2.224,1
62,2,96.861,2.387,1
62,3,100.76,1.8199,1
62,4,127.57,2.1966,1
62,5,110.83,2.1574,1
62,6,147.49,2.3111,1
62,7,139.1,1.9544,1
62,8,154.44,1.8627,1
62,9,137.43,2.2647,1
62,10,118.07,2.4779,1
62,11,149.18,2.1732,1
62,12,128.74,2.1384,1
63,1,107.49,2.7636,1
63,2,80.726,2.9649,1
63,3,92.952,3.0344,1
63,4,109.97,2.9997,1
63,5,118.5,2.9313,1
63,6,155.28,2.9447,1
63,7,135.18,3.0902,1
63,8,166.47,3.2775,1
63,9,129.85,3.0992,1
63,10,94.433,3.2387,1
63,11,130.51,3.1211,1
63,12,93.166,3.0495,1
64,1,109.11,3.3485,1
64,2,126.47,3.138,1
64,3,93.439,2.8065,1
64,4,116.7,3.2873,1
64,5,109,3.12,1
64,6,146.59,3.2127,1
64,7,155.07,2.7518,1
64,8,116.94,3.1609,1
64,9,182.25,3.1923,1
64,10,146.22,3.0745,1
64,11,113.81,3.2393,1
64,12,119.67,3.2087,1
65,1,123.55,4.6572,1
65,2,140.15,4.8208,1
65,3,124.31,5.2339,1
65,4,116.45,5.2427,1
65,5,134.68,4.9453,1
65,6,107.79,4.9817,1
65,7,130.2,5.087,1
65,8,120.68,5.1348,1
65,9,133.87,5.0274,1
65,10,161.64,4.9441,1
65,11,119.97,5.1143,1
65,12,136.92,4.7717,1
66,1,120.42,3.2308,1
66,2,91.537,3.2241,1
66,3,127.47,3.3601,1
66,4,99.855,3.3056,1
66,5,126.93,3.2091,1
66,6,104.26,3.0504,1
66,7,99.493,3.3819,1
66,8,134.02,3.442,1
66,9,134.55,3.3633,1
66,10,174.17,3.4084,1
66,11,199.58,3.1287,1
66,12,156.73,3.259,1
67,1,106.94,4.8902,1
67,2,111.46,4.8131,1
67,3,101.82,4.7296,1
67,4,142.06,4.8302,1
67,5,116.44,4.9486,1
67,6,118.48,4.8548,1
67,7,109.2,5.0597,1
67,8,138.72,5.0359,1
67,9,148.86,4.7868,1
67,10,127.91,5.1975,1
67,11,146.37,4.9601,1
67,12,95.754,5.0134,1
68,1,126.75,4.0456,1
68,2,133.13,3.9636,1
68,3,129.45,3.7562,1
68,4,145.22,3.8997,1
68,5,95.84,3.7387,1
68,6,128.69,3.8436,1
68,7,104.25,4.0616,1
68,8,150.53,3.8172,1
68,9,152.31,3.8194,1
68,10,132.8,4.034,1
68,11,113.7,4.249,1
68,12,134.11,4.1826,1
69,1,151.78,5.1217,1
69,2,98.251,4.9691,1
69,3,126.13,4.9899,1
69,4,92.741,5.2034,1
69,5,124.63,4.7492,1
69,6,101.76,4.8401,1
69,7,131.41,4.9975,1
69,8,128.97,5.1067,1
69,9,149.54,5.1998,1
69,10,163.8,5.1949,1
69,11,153.52,5.2584,1
69,12,97.473,5.0334,1
70,1,109.77,3.8229,1
70,2,112.04,3.7039,1
70,3,114.96,3.6641,1
70,4,127.08,3.7025,1
70,5,106.43,3.8702,1
70,6,140.46,3.9691,1
70,7,136.78,3.8454,1
70,8,173.41,3.5868,1
70,9,147.1,4.1081,1
70,10,149.04,3.6738,1
70,11,146.68,3.9075,1
70,12,142.44,4.045,1
71,1,98.413,4.0362,1
71,2,96.257,4.0307,1
71,3,120.79,4.0175,1
71,4,133.23,4.0771,1
71,5,105.53,4.1002,1
71,6,142.48,4.3496,1
71,7,176.1,3.8808,1
71,8,176.91,3.9248,1
71,9,184.11,4.0547,1
71,10,186.53,3.9492,1
71,11,161.95,4.1467,1
71,12,153.24,4.3401,1
72,1,74.241,5.0083,1
72,2,139.83,4.8899,1
72,3,88.494,4.9305,1
72,4,139.63,4.948,1
72,5,132.81,4.8699,1
72,6,131.59,4.9186,1
72,7,115.26,5.0673,1
72,8,161.8,5.3027,1
72,9,100.86,5.0114,1
72,10,149.66,5.0544,1
72,11,132.34,4.8965,1
72,12,162.46,5.2632,1
73,1,112.35,3.6253,1
73,2,136.69,3.8168,1
73,3,135.21,3.5191,1
73,4,121.39,3.8152,1
73,5,97.862,3.7343,1
73,6,120.79,3.772,1
73,7,91.937,3.9894,1
73,8,133.87,3.7362,1
73,9,100.05,3.7458,1
73,10,181.76,3.9816,1
73,11,144.01,3.7337,1
73,12,134.4,4.0155,1
74,1,122.58,4.0224,1
74,2,146.46,3.8987,1
74,3,139.95,3.9755,1
74,4,136.6,3.8735,1
74,5,114.23,4.1488,1
74,6,84.384,4.1155,1
74,7,107,4.2208,1
74,8,125.83,3.9757,1
74,9,102.66,4.4602,1
74,10,125.29,4.3017,1
74,11,158.8,4.2148,1
74,12,140.03,3.9369,1
75,1,126.2,5.5538,1
75,2,121.07,5.6536,1
75,3,140.26,5.7222,1
75,4,103.19,5.9444,1
75,5,152.37,5.5927,1
75,6,167.31,5.8916,1
75,7,183.17,5.8388,1
75,8,152.27,5.5047,1
75,9,174.36,5.4749,1
75,10,134.42,5.7467,1
75,11,158.38,5.4726,1
75,12,193.37,5.5622,1
76,1,125.81,2.4373,1
76,2,107.19,2.9858,1
76,3,120.22,3.0047,1
76,4,100.5,2.7207,1
76,5,135.82,2.7841,1
76,6,141.84,2.8008,1
76,7,147.39,2.7491,1
76,8,132.01,2.7733,1
76,9,118.75,2.9006,1
76,10,146.1,2.7274,1
76,11,150.69,2.9483,1
76,12,121.95,2.8096,1
77,1,105.95,1.9749,1
77,2,97.68,1.7853,1
77,3,123.06,1.8393,1
77,4,111.82,1.9717,1
77,5,133.57,2.0115,1
77,6,106.77,1.98,1
77,7,126.95,2.0418,1
77,8,114.72,2.106,1
77,9,108.97,2.0482,1
77,10,142.82,1.921,1
77,11,138.12,1.789,1
77,12,125.18,1.9281,1
78,1,121.36,4.4639,1
78,2,123.28,4.9556,1
78,3,79.592,4.7072,1
78,4,147.98,4.6057,1
78,5,120.5,4.9914,1
78,6,144.91,4.7448,1
78,7,128.44,4.5947,1
78,8,130.91,4.8256,1
78,9,158.72,4.9152,1
78,10,142.78,4.7405,1
78,11,114.17,5.0235,1
78,12,132.13,4.8225,1
79,1,141.1,6.6467,1
79,2,126.69,6.6195,1
79,3,126.71,6.5613,1
79,4,120.77,6.7184,1
79,5,112.57,6.8694,1
79,6,121.81,6.5534,1
79,7,145.67,6.6906,1
79,8,137.11,6.4922,1
79,9,174.27,6.4371,1
79,10,144.79,7.0663,1
79,11,182.55,6.797,1
79,12,145.98,6.5567,1
80,1,123.66,4.652,1
80,2,136.19,4.611,1
80,3,125.51,4.7506,1
80,4,94.638,4.5712,1
80,5,145.96,4.6172,1
80,6,149.4,4.5936,1
80,7,131.59,4.6644,1
80,8,117.76,4.6898,1
80,9,149.15,4.6525,1
80,10,145.82,4.9708,1
80,11,125.33,4.9009,1
80,12,144.99,4.7997,1
81,1,137.14,4.4074,1
81,2,124.41,4.1678,1
81,3,124.59,4.1345,1
81,4,110.66,4.057,1
81,5,110.31,4.2405,1
81,6,131.76,4.2739,1
81,7,140.22,4.5894,1
81,8,173.69,4.248,1
81,9,137.52,4.2915,1
81,10,140.59,4.2774,1
81,11,120.9,4.0057,1
81,12,143.52,4.5279,1
82,1,110.77,4.058,1
82,2,114.34,4.379,1
82,3,114.92,4.3692,1
82,4,107.12,4.2054,1
82,5,126.42,4.481,1
82,6,120.76,4.3817,1
82,7,104.61,4.0511,1
82,8,143.9,4.3202,1
82,9,190.8,4.288,1
82,10,115.37,4.4993,1
82,11,145.35,4.5701,1
82,12,115.06,4.3715,1
83,1,140.99,6.673,1
83,2,146.16,6.6635,1
83,3,147.26,6.7247,1
83,4,137.43,6.7495,1
83,5,142.04,6.6377,1
83,6,160.06,6.8795,1
83,7,102.09,6.9212,1
83,8,134.32,6.7964,1
83,9,154.41,6.9314,1
83,10,148.56,6.717,1
83,11,147.35,6.6643,1
83,12,130.39,6.7293,1
84,1,121.55,3.8606,1
84,2,90.901,3.7876,1
84,3,123.92,3.9349,1
84,4,117,3.8004,1
84,5,118.02,4.058,1
84,6,158.5,4.0104,1
84,7,79.235,4.0287,1
84,8,108.85,4.1925,1
84,9,160.21,3.8569,1
84,10,120.22,4.1378,1
84,11,150.64,4.0683,1
84,12,134.6,4.1779,1
85,1,117.56,4.7575,1
85,2,139.26,4.7117,1
85,3,103.18,4.8854,1
85,4,119.48,5.0719,1
85,5,148.83,4.8848,1
85,6,148.47,4.8671,1
85,7,164.99,4.7997,1
85,8,121.25,4.8238,1
85,9,120.12,4.8712,1
85,10,139.68,4.932,1
85,11,127.21,4.7613,1
85,12,152.79,4.7624,1
86,1,113.13,4.5493,1
86,2,151.27,4.3409,1
86,3,140.7,4.6198,1
86,4,104.08,4.486,1
86,5,121.04,4.3019,1
86,6,137.96,4.2949,1
86,7,164.35,4.4397,1
86,8,158.48,4.4308,1
86,9,138.51,4.6248,1
86,10,135.04,4.326,1
86,11,158.25,4.4622,1
86,12,118.22,4.5157,1
87,1,99.944,3.4501,1
87,2,136.76,3.7133,1
87,3,86.809,3.5829,1
87,4,103.41,3.5078,1
87,5,132.72,3.6176,1
87,6,129.57,3.5529,1
87,7,132.86,3.831,1
87,8,150.63,3.5481,1
87,9,116.04,3.5338,1
87,10,121.65,3.7861,1
87,11,99.228,3.5762,1
87,12,150.53,3.8137,1
88,1,111.63,3.7494,1
88,2,113.39,3.9988,1
88,3,153.47,3.891,1
88,4,123.63,3.3959,1
88,5,101.48,3.9649,1
88,6,141.2,3.5392,1
88,7,161.84,4.0969,1
88,8,168.76,3.7835,1
88,9,158.88,4.1713,1
88,10,144.66,4.0058,1
88,11,161.6,3.7172,1
88,12,148.31,4.0528,1
89,1,102.73,5.3967,1
89,2,134.55,4.9801,1
89,3,146.85,5.266,1
89,4,138.16,5.0932,1
89,5,132.37,5.2549,1
89,6,144.31,5.2977,1
89,7,92.792,5.26,1
89,8,79.07,5.1912,1
89,9,141.67,5.0919,1
89,10,180.44,5.0641,1
89,11,128.03,5.1871,1
89,12,108.53,5.4929,1
90,1,119.63,3.3218,1
90,2,104.37,3.337,1
90,3,114.83,2.9904,1
90,4,110.25,3.4176,1
90,5,138.02,3.2416,1
90,6,114,3.6329,1
90,7,133.76,3.2915,1
90,8,94.624,3.4638,1
90,9,146.93,3.2911,1
90,10,146.31,3.1789,1
90,11,145.75,3.6858,1
90,12,135.49,3.3374,1
91,1,116.54,3.9531,1
91,2,115.85,4.2188,1
91,3,90.559,4.1139,1
91,4,137.55,4.3532,1
91,5,129.09,4.333,1
91,6,134.69,4.2788,1
91,7,175.34,4.2475,1
91,8,129.39,4.1946,1
91,9,117.49,4.2677,1
91,10,161.71,4.1583,1
91,11,179.07,4.1899,1
91,12,173.2,4.1326,1
92,1,99.067,3.3158,1
92,2,123.22,3.3876,1
92,3,146.15,3.2343,1
92,4,111.79,3.0556,1
92,5,155.36,3.3006,1
92,6,141.24,3.4494,1
92,7,113.47,3.2133,1
92,8,108.62,3.0841,1
92,9,74.421,3.6283,1
92,10,159.28,3.4111,1
92,11,152.61,3.3382,1
92,12,129.1,3.6122,1
93,1,119.2,4.1492,1
93,2,85.742,3.9973,1
93,3,114.58,4.2857,1
93,4,119.6,4.0738,1
93,5,96.944,4.1131,1
93,6,160.87,3.9714,1
93,7,155.54,4.1589,1
93,8,129.05,4.0283,1
93,9,158.61,4.3043,1
93,10,105.18,4.3047,1
93,11,124.94,4.0393,1
93,12,184.05,4.2357,1
94,1,102.68,2.9937,1
94,2,151.85,3.4015,1
94,3,97.046,3.2268,1
94,4,117.39,3.5046,1
94,5,120.46,3.1215,1
94,6,100.33,3.3184,1
94,7,127.55,3.4901,1
94,8,128.62,3.2664,1
94,9,159.83,3.2502,1
94,10,127.59,3.3136,1
94,11,161.99,3.2686,1
94,12,155.58,3.2252,1
95,1,150.8,4.3504,1
95,2,120.37,4.394,1
95,3,89.915,4.2542,1
95,4,92.394,4.353,1
95,5,145.21,4.3429,1
95,6,144.93,4.3683,1
95,7,135.87,4.562,1
95,8,131.14,4.4825,1
95,9,142.37,4.644,1
95,10,140.66,4.3814,1
95,11,119.66,4.6156,1
95,12,120.16,4.5472,1
96,1,138.99,2.0939,1
96,2,66.302,2.1919,1
96,3,89.061,2.1315,1
96,4,134.84,2.3144,1
96,5,132.47,2.1958,1
96,6,129.41,2.5995,1
96,7,135.52,2.4922,1
96,8,127.31,2.2844,1
96,9,128.33,2.3825,1
96,10,125.58,2.4646,1
96,11,144.55,2.2056,1
96,12,131.18,2.4802,1
97,1,103.73,5.3024,1
97,2,100.04,5.1234,1
97,3,121.37,4.9753,1
97,4,97.748,5.1179,1
97,5,88.687,5.2143,1
97,6,130.44,5.3022,1
97,7,147.42,5.3427,1
97,8,178.15,4.9897,1
97,9,160.9,5.196,1
97,10,143.25,5.0532,1
97,11,148.86,5.3598,1
97,12,103.95,5.5073,1
98,1,118.2,2.237,1
98,2,131.14,2.1829,1
98,3,150.22,2.2386,1
98,4,117.84,1.987,1
98,5,114.56,2.4409,1
98,6,113.35,2.1218,1
98,7,144.52,2.0765,1
98,8,139.58,2.3844,1
98,9,152.34,2.5738,1
98,10,157.25,2.4648,1
98,11,114.61,2.3635,1
98,12,125.73,2.6322,1
99,1,118.64,4.1639,1
99,2,116.48,3.8516,1
99,3,119.14,3.7063,1
99,4,109.89,3.6933,1
99,5,118.01,3.8336,1
99,6,161.72,3.8614,1
99,7,166.98,3.9076,1
99,8,154.82,3.9329,1
99,9,144.92,4.1795,1
99,10,155.6,3.7627,1
99,11,141.29,3.994,1
99,12,121.66,4.0202,1
100,1,113.77,3.6342,1
100,2,118.4,3.5321,1
100,3,116.48,3.541,1
100,4,128.35,3.366,1
100,5,142.27,3.672,1
100,6,126.94,3.7265,1
100,7,128.75,3.4541,1
100,8,135.68,3.7429,1
100,9,163.67,3.4148,1
100,10,128.38,3.669,1
100,11,145.83,3.5701,1
100,12,125.77,3.621,1
101,1,106.88,3.9097,0
101,2,147.23,4.151,0
101,3,94.457,3.9803,0
101,4,100,3.7221,0
101,5,138.29,3.9918,0
101,6,128.82,4.0387,0
101,7,96.932,3.7309,0
101,8,118.95,4.2409,0
101,9,158.58,3.9114,0
101,10,114.41,3.9161,0
101,11,103.87,3.9294,0
101,12,133.12,3.8538,0
102,1,113.32,4.0747,0
102,2,104.63,4.2473,0
102,3,112.87,4.3837,0
102,4,113.42,4.2948,0
102,5,132.38,4.2043,0
102,6,127.58,4.4928,0
102,7,126.28,4.3618,0
102,8,164.19,4.4001,0
102,9,111.09,4.5324,0
102,10,112.9,4.5785,0
102,11,173.26,4.2432,0
102,12,132.6,4.3952,0
103,1,96.317,5.1529,0
103,2,122.37,4.9879,0
103,3,161.68,5.053,0
103,4,148.03,5.0674,0
103,5,147.39,5.0287,0
103,6,142.06,4.9998,0
103,7,97.77,5.199,0
103,8,130.88,5.2189,0
103,9,125.94,5.0182,0
103,10,147.37,5.072,0
103,11,141.57,5.5861,0
103,12,116.69,5.434,0
104,1,116.58,3.1006,0
104,2,118.85,3.062,0
104,3,120.27,2.7883,0
104,4,129.74,2.9398,0
104,5,84.914,3.0042,0
104,6,99.584,3.2882,0
104,7,104.81,2.9753,0
104,8,125.32,2.8206,0
104,9,161.69,3.1769,0
104,10,137.22,2.9621,0
104,11,86.179,2.9578,0
104,12,134.28,3.0663,0
105,1,126.51,5.278,0
105,2,120.03,5.4838,0
105,3,138.17,5.5554,0
105,4,114.59,5.5268,0
105,5,127.59,5.6318,0
105,6,132.44,5.2935,0
105,7,141.02,5.7456,0
105,8,153.66,5.6896,0
105,9,130.88,5.7066,0
105,10,133.14,5.4963,0
105,11,113.45,5.7331,0
105,12,146.66,5.5174,0
106,1,161.47,6.2461,0
106,2,125.55,6.7372,0
106,3,105.03,6.6253,0
106,4,144.29,6.6406,0
106,5,150.16,6.6202,0
106,6,107.56,6.7043,0
106,7,163.25,7.0113,0
106,8,152.16,6.6369,0
106,9,160.01,6.7395,0
106,10,112.39,6.8598,0
106,11,133.96,6.6636,0
106,12,109.32,6.94,0
107,1,100.87,5.1817,0
107,2,105.79,5.1163,0
107,3,104.33,4.9988,0
107,4,102.17,5.4644,0
107,5,153.88,5.282,0
107,6,144.55,5.1843,0
107,7,126.61,5.418,0
107,8,134.94,5.4604,0
107,9,127.88,5.409,0
107,10,129.39,5.1447,0
107,11,145.16,5.273,0
107,12,128.05,5.1769,0
108,1,128.84,5.7515,0
108,2,135.27,5.9482,0
108,3,86.525,5.7253,0
108,4,121.59,5.9167,0
108,5,134.87,5.8411,0
108,6,178.68,5.85,0
108,7,129.97,6.0669,0
108,8,158.85,6.0918,0
108,9,123.45,5.8478,0
108,10,146.06,6.101,0
108,11,142.52,6.1971,0
108,12,154.45,5.7587,0
109,1,135.13,3.5289,0
109,2,99.855,3.9942,0
109,3,118.74,3.9119,0
109,4,118.48,3.9973,0
109,5,105.68,4.0906,0
109,6,132.84,3.9896,0
109,7,123.24,3.7074,0
109,8,137.97,4.1184,0
109,9,120.27,4.0137,0
109,10,119.55,4.0412,0
109,11,109.7,4.1583,0
109,12,133.01,3.9221,0
110,1,109.01,3.9154,0
110,2,112.55,4.0005,0
110,3,114.34,3.9923,0
110,4,91.962,3.955,0
110,5,122.67,3.9643,0
110,6,128.5,3.9302,0
110,7,118.22,4.0758,0
110,8,117.85,4.1309,0
110,9,109.22,3.7828,0
110,10,115.66,3.9524,0
110,11,147.61,3.7458,0
110,12,146.18,4.0046,0
111,1,118.43,4.0863,0
111,2,126.51,4.0096,0
111,3,103.21,4.2337,0
111,4,105.27,3.9143,0
111,5,133.93,4.0848,0
111,6,117.05,3.8294,0
111,7,110.89,3.8928,0
111,8,139.14,4.0003,0
111,9,130.98,4.3237,0
111,10,138.48,4.2387,0
111,11,133.59,4.2354,0
111,12,121.81,3.9879,0
112,1,100.26,5.2952,0
112,2,124.82,5.4437,0
112,3,146.25,5.382,0
112,4,132.51,5.317,0
112,5,104.26,5.4867,0
112,6,102.92,5.2679,0
112,7,111.99,5.6629,0
112,8,145.61,5.4956,0
112,9,112.45,5.3981,0
112,10,143.53,5.1601,0
112,11,114.33,5.5125,0
112,12,140.45,5.416,0
113,1,145.15,6.3872,0
113,2,120.78,6.7435,0
113,3,132.35,6.5552,0
113,4,145.49,6.5366,0
113,5,158.4,6.6737,0
113,6,144.46,6.5869,0
113,7,122.12,6.9296,0
113,8,148.22,6.6947,0
113,9,129.88,6.7037,0
113,10,154.64,6.496,0
113,11,154.53,6.9265,0
113,12,147.22,6.8802,0
114,1,145.26,4.7401,0
114,2,114.11,4.737,0
114,3,106.3,4.8504,0
114,4,106.97,4.7643,0
114,5,118.11,4.8728,0
114,6,126.58,4.9251,0
114,7,149.19,4.6779,0
114,8,144.03,4.5467,0
114,9,104.03,4.9844,0
114,10,113.07,4.9258,0
114,11,151.93,5.0824,0
114,12,127,4.6592,0
115,1,101.07,3.9406,0
115,2,153.05,3.736,0
115,3,102.61,3.8344,0
115,4,137.83,3.9269,0
115,5,128.98,3.7453,0
115,6,123.95,3.953,0
115,7,126.68,3.8557,0
115,8,122.02,4.1081,0
115,9,144.82,3.9384,0
115,10,125.8,4.0131,0
115,11,155.16,4.0276,0
115,12,129.76,3.9337,0
116,1,132.51,3.5757,0
116,2,114.72,3.7507,0
116,3,121.46,3.7783,0
116,4,138.08,3.6514,0
116,5,127.96,3.9798,0
116,6,104.55,3.7947,0
116,7,143.01,4.0032,0
116,8,93.724,3.8405,0
116,9,113.98,3.8746,0
116,10,161.37,3.7757,0
116,11,142.75,3.847,0
116,12,151.42,3.485,0
117,1,108.72,4.9629,0
117,2,132.61,4.9005,0
117,3,132.74,4.9151,0
117,4,129.74,4.9162,0
117,5,110.6,5.0173,0
117,6,112.74,5.024,0
117,7,128.97,4.9658,0
117,8,117.66,5.128,0
117,9,158.23,5.1541,0
117,10,133.66,5.0967,0
117,11,139.49,5.2981,0
117,12,142.25,4.9915,0
118,1,129.17,4.2923,0
118,2,130.94,4.4175,0
118,3,124.04,4.1438,0
118,4,156.74,4.1707,0
118,5,114.36,4.135,0
118,6,110.45,4.4516,0
118,7,145.92,4.3898,0
118,8,116.08,4.3714,0
118,9,161.53,4.6418,0
118,10,132.7,4.3828,0
118,11,162.3,4.1525,0
118,12,150.59,4.2402,0
119,1,163.58,5.3386,0
119,2,99.56,5.5824,0
119,3,107.47,5.761,0
119,4,159.19,5.3574,0
119,5,161.28,5.8747,0
119,6,170.06,5.5062,0
119,7,127.26,5.4601,0
119,8,93.696,5.6154,0
119,9,132.13,5.8845,0
119,10,105.07,5.6537,0
119,11,173.65,5.459,0
119,12,138.87,5.7884,0
120,1,122.41,3.0385,0
120,2,99.796,2.9275,0
120,3,107.39,2.8346,0
120,4,122.98,3.0408,0
120,5,124.75,2.6698,0
120,6,158.43,3.1575,0
120,7,88.402,3.096,0
120,8,147.33,2.8053,0
120,9,153.02,2.8215,0
120,10,115.3,2.9221,0
120,11,143.05,3.1196,0
120,12,84.734,3.1992,0
121,1,134.28,3.5469,0
121,2,120.34,3.6691,0
121,3,103.89,3.8285,0
121,4,126.23,3.3146,0
121,5,125.13,3.6528,0
121,6,94.379,3.7615,0
121,7,125.14,3.8474,0
121,8,132.87,3.8644,0
121,9,158.64,3.9359,0
121,10,116.83,3.9565,0
121,11,138.83,4.0564,0
121,12,156.82,4.09,0
122,1,109.78,2.1686,0
122,2,129.7,2.0233,0
122,3,123.53,2.0766,0
122,4,121.95,2.2699,0
122,5,141.1,2.1931,0
122,6,104.99,2.2522,0
122,7,112.33,2.4868,0
122,8,134.18,2.1861,0
122,9,101.9,2.2367,0
122,10,132.29,2.2916,0
122,11,92.101,2.2585,0
122,12,140.63,2.481,0
123,1,123.97,4.4629,0
123,2,83.425,4.0743,0
123,3,127.58,3.993,0
123,4,141.54,4.2129,0
123,5,131.07,4.0898,0
123,6,121.9,4.0426,0
123,7,144.07,4.0381,0
123,8,106.67,4.0851,0
123,9,120.66,4.2305,0
123,10,130.23,4.1757,0
123,11,164.88,4.0885,0
123,12,154.35,4.2593,0
124,1,121.8,4.3163,0
124,2,128.14,4.4032,0
124,3,96.768,4.1314,0
124,4,111.61,4.5249,0
124,5,88.664,4.1507,0
124,6,144.28,4.3562,0
124,7,82.56,4.5173,0
124,8,132.9,4.5331,0
124,9,107.8,4.1889,0
124,10,147.79,4.5666,0
124,11,149.65,4.5061,0
124,12,158.22,4.1736,0
125,1,100.61,4.7153,0
125,2,129.56,5.1059,0
125,3,97.591,5.1906,0
125,4,121.71,5.0148,0
125,5,108.14,5.1237,0
125,6,115.85,5.2615,0
125,7,116.33,5.2498,0
125,8,132.66,5.0014,0
125,9,147.5,4.9249,0
125,10,145.21,5.1664,0
125,11,121.52,5.2405,0
125,12,137.78,5.1815,0
126,1,86.08,3.2464,0
126,2,129.51,3.5709,0
126,3,111.83,3.7068,0
126,4,140.67,3.6333,0
126,5,121.21,3.6666,0
126,6,113.09,3.8086,0
126,7,134.45,3.8754,0
126,8,115.95,3.5371,0
126,9,129.81,3.5703,0
126,10,161.34,3.6915,0
126,11,136.32,3.6087,0
126,12,109.23,3.564,0
127,1,144.15,3.8967,0
127,2,124.24,4.1954,0
127,3,97.362,4.104,0
127,4,125.46,4.0599,0
127,5,132.11,4.0875,0
127,6,86.021,4.1301,0
127,7,121.66,3.9772,0
127,8,122.5,4.0295,0
127,9,86.575,4.2778,0
127,10,143.55,4.0645,0
127,11,99.776,4.2631,0
127,12,114.2,4.4598,0
128,1,96.915,4.2582,0
128,2,125.03,4.2706,0
128,3,96.952,4.6217,0
128,4,158.69,4.3209,0
128,5,124.77,4.5553,0
128,6,125.98,4.5709,0
128,7,107.23,4.2104,0
128,8,100.43,4.6756,0
128,9,96.276,4.648,0
128,10,166.51,4.2331,0
128,11,142.76,4.4473,0
128,12,124.08,4.2493,0
129,1,127.76,4.0278,0
129,2,74.969,3.7295,0
129,3,100.85,3.9471,0
129,4,74.637,4.1273,0
129,5,152.93,4.0223,0
129,6,100.77,4.1602,0
129,7,84.469,3.9695,0
129,8,157.87,3.7411,0
129,9,99.791,4.0663,0
129,10,129.5,3.9607,0
129,11,106.83,4.236,0
129,12,164.37,4.1381,0
130,1,106.75,4.6676,0
130,2,123.77,4.4705,0
130,3,116.22,4.6259,0
130,4,125.09,4.5125,0
130,5,125.29,4.8207,0
130,6,150.04,4.4895,0
130,7,156.03,4.4785,0
130,8,95.155,4.8537,0
130,9,123.85,4.7528,0
130,10,105.83,4.9606,0
130,11,90.189,4.6923,0
130,12,134,4.6891,0
131,1,80.069,4.8466,0
131,2,107.22,4.8395,0
131,3,94.734,5.0235,0
131,4,112.22,5.0458,0
131,5,122.24,4.8691,0
131,6,121.66,5.1451,0
131,7,131.58,4.9922,0
131,8,122.8,5.0805,0
131,9,97.012,5.1984,0
131,10,149.45,5.3313,0
131,11,119.2,5.3712,0
131,12,141.77,5.0307,0
132,1,114.77,5.1545,0
132,2,111.59,4.741,0
132,3,132.95,5.2109,0
132,4,125.35,5.0202,0
132,5,158.29,4.8492,0
132,6,147.66,4.9012,0
132,7,169.49,4.8711,0
132,8,166.66,4.7846,0
132,9,132.29,5.0692,0
132,10,162.5,4.9683,0
132,11,135.1,5.0437,0
132,12,114.52,4.9678,0
133,1,118.88,4.0907,0
133,2,114.07,4.2334,0
133,3,90.165,3.9378,0
133,4,116.79,3.8362,0
133,5,129.22,3.7679,0
133,6,126.29,4.0608,0
133,7,118.39,3.947,0
133,8,110.59,4.0511,0
133,9,151.48,4.109,0
133,10,117.71,4.0668,0
133,11,161.53,4.0013,0
133,12,130.62,4.1697,0
134,1,86.311,4.4872,0
134,2,109.95,4.8026,0
134,3,116.6,4.4422,0
134,4,78.746,4.4803,0
134,5,143.68,4.2968,0
134,6,82.66,4.6092,0
134,7,118.74,4.8729,0
134,8,150.74,4.681,0
134,9,105.15,4.895,0
134,10,107.65,4.7223,0
134,11,122.98,4.5653,0
134,12,160.85,4.5834,0
135,1,95.076,2.6388,0
135,2,97.528,2.7022,0
135,3,110.72,2.664,0
135,4,81.982,2.6486,0
135,5,114,2.9878,0
135,6,120.84,2.6972,0
135,7,106.69,2.6077,0
135,8,124.43,2.7586,0
135,9,109.85,2.8913,0
135,10,136.6,3.078,0
135,11,123.05,2.9168,0
135,12,101.46,2.9828,0
136,1,110.35,6.551,0
136,2,115.06,6.5988,0
136,3,156.55,6.7121,0
136,4,127.61,6.4136,0
136,5,108.71,6.5426,0
136,6,140.29,6.5199,0
136,7,106.27,6.2364,0
136,8,123.33,6.7474,0
136,9,98.098,6.5884,0
136,10,123.32,6.4673,0
136,11,189.02,6.5501,0
136,12,132.94,6.7092,0
137,1,113.3,4.7353,0
137,2,116.2,4.7965,0
137,3,114.15,4.9803,0
137,4,136.98,4.5743,0
137,5,79.763,4.9771,0
137,6,100.25,5.1022,0
137,7,114.05,4.9756,0
137,8,148.39,4.8929,0
137,9,126.32,4.8647,0
137,10,139.58,5.0262,0
137,11,153.73,5.2173,0
137,12,140.63,4.6118,0
138,1,101.28,4.1678,0
138,2,116.52,4.179,0
138,3,124.7,4.3426,0
138,4,102.15,4.282,0
138,5,135.32,4.3096,0
138,6,123.73,4.3899,0
138,7,139.32,4.069,0
138,8,125.07,4.5093,0
138,9,100.5,4.4527,0
138,10,112.21,4.1103,0
138,11,134.66,4.4445,0
138,12,174.51,4.4765,0
139,1,100.41,4.7574,0
139,2,127.54,5.0418,0
139,3,122.48,4.8828,0
139,4,137.5,5.0645,0
139,5,115.8,4.9535,0
139,6,115.42,4.9737,0
139,7,139.54,4.9131,0
139,8,134.94,5.0051,0
139,9,131.13,5.3369,0
139,10,142.58,5.111,0
139,11,147.29,5.5176,0
139,12,152.59,5.0035,0
140,1,113.73,5.2183,0
140,2,119.69,5.8268,0
140,3,115.08,5.58,0
140,4,115.55,5.8348,0
140,5,125.74,5.4257,0
140,6,123.83,5.8477,0
140,7,130.57,5.7732,0
140,8,130.65,5.8431,0
140,9,119.39,5.854,0
140,10,150.14,5.7133,0
140,11,125.84,5.8097,0
140,12,131.25,5.8721,0
141,1,118.47,6.3168,0
141,2,117.58,6.1952,0
141,3,170.58,6.0211,0
141,4,88.972,6.3804,0
141,5,120.54,6.3505,0
141,6,133.48,6.2673,0
141,7,109.63,6.2284,0
141,8,135.37,6.1686,0
141,9,159.8,6.3242,0
141,10,142.92,6.0268,0
141,11,103.88,6.2487,0
141,12,154.58,6.2026,0
142,1,151.29,4.0168,0
142,2,112.73,3.7771,0
142,3,82.506,4.1319,0
142,4,153.28,3.6728,0
142,5,100.39,3.8222,0
142,6,120.22,4.1718,0
142,7,146.65,3.9759,0
142,8,130.24,3.9383,0
142,9,122.23,3.9719,0
142,10,130.24,3.9427,0
142,11,117.82,3.9414,0
142,12,114.51,4.1463,0
143,1,94.312,5.207,0
143,2,113.5,5.2527,0
143,3,119.03,5.2187,0
143,4,170.73,5.1125,0
143,5,133.77,5.6085,0
143,6,139.14,5.2927,0
143,7,138.04,5.4559,0
143,8,134.71,5.4956,0
143,9,134.06,5.4659,0
143,10,146.82,5.4612,0
143,11,154.63,5.2978,0
143,12,132.47,5.905,0
144,1,140.09,5.4456,0
144,2,120.48,5.6671,0
144,3,155.48,5.5663,0
144,4,89.803,5.5469,0
144,5,96.533,5.5569,0
144,6,122.25,5.3942,0
144,7,112.83,5.5962,0
144,8,115.58,5.8602,0
144,9,130.77,5.6357,0
144,10,94.539,5.7914,0
144,11,126.52,5.8071,0
144,12,149.94,5.6587,0
145,1,161.64,5.0384,0
145,2,124.05,5.283,0
145,3,121.28,5.2191,0
145,4,85.353,5.4276,0
145,5,101.37,5.5631,0
145,6,148.13,5.4847,0
145,7,115.71,5.4397,0
145,8,112.38,5.4417,0
145,9,148.24,5.5952,0
145,10,110.42,5.5876,0
145,11,124.62,5.638,0
145,12,120.58,5.5439,0
146,1,128.87,3.9579,0
146,2,92.949,4.0448,0
146,3,110.82,4.0166,0
146,4,117.52,3.9929,0
146,5,130.66,4.0571,0
146,6,124.79,4.4483,0
146,7,100.15,4.3511,0
146,8,108.05,4.3361,0
146,9,114.81,4.3941,0
146,10,171.31,4.0778,0
146,11,139.03,4.1411,0
146,12,126.58,4.2051,0
147,1,100.78,4.9634,0
147,2,73.894,4.9668,0
147,3,105.35,5.3482,0
147,4,148.72,5.257,0
147,5,99.208,5.0422,0
147,6,120.53,5.1546,0
147,7,94.11,5.2799,0
147,8,145.24,5.0472,0
147,9,99.334,5.3902,0
147,10,134.32,5.204,0
147,11,128.02,5.0089,0
147,12,132.08,5.4401,0
148,1,74.801,3.3303,0
148,2,104.05,3.4431,0
148,3,130.22,3.5176,0
148,4,146.31,3.2375,0
148,5,93.108,3.6883,0
148,6,123.33,3.4556,0
148,7,112.59,3.3343,0
148,8,116.1,3.2567,0
148,9,140.5,3.2899,0
148,10,144.94,3.2238,0
148,11,126.74,3.6414,0
148,12,71.445,3.6313,0
149,1,169.53,4.5352,0
149,2,146.17,4.8234,0
149,3,103.94,5.0178,0
149,4,125.27,4.7095,0
149,5,137.22,4.8903,0
149,6,75.083,4.8216,0
149,7,103.79,4.6993,0
149,8,88.259,5.0346,0
149,9,123.29,5.0953,0
149,10,101.98,4.6651,0
149,11,148.05,4.909,0
149,12,139.28,5.236,0
150,1,99.314,4.7461,0
150,2,106.87,4.6915,0
150,3,115.96,4.9052,0
150,4,102.27,4.878,0
150,5,141.59,4.92,0
150,6,132.62,4.7701,0
150,7,99.413,4.9823,0
150,8,149.46,4.972,0
150,9,88.191,5.0975,0
150,10,101.26,5.0181,0
150,11,131.9,4.8771,0
150,12,108.15,5.0018,0
151,1,125.4,3.1233,0
151,2,131.29,3.3055,0
151,3,121.7,3.2748,0
151,4,138.7,3.2516,0
151,5,137.46,3.3498,0
151,6,139.07,3.6072,0
151,7,155.19,3.1804,0
151,8,78.377,3.6024,0
151,9,133.28,3.3738,0
151,10,125.91,3.1069,0
151,11,116.29,3.357,0
151,12,138.43,3.2911,0
152,1,112.23,3.1224,0
152,2,124.71,3.4429,0
152,3,124.79,2.9642,0
152,4,84.704,3.4553,0
152,5,100.31,3.2143,0
152,6,139.12,3.4608,0
152,7,160.08,3.2412,0
152,8,148.05,3.3659,0
152,9,120.54,3.3023,0
152,10,100.62,3.5135,0
152,11,137.45,3.4124,0
152,12,80.577,3.6038,0
153,1,109.68,5.1577,0
153,2,135.5,4.8677,0
153,3,127.39,5.0214,0
153,4,130.29,5.2025,0
153,5,111.85,5.2008,0
153,6,110.05,4.9799,0
153,7,137.03,5.0961,0
153,8,104.75,4.895,0
153,9,99.913,5.3397,0
153,10,152.52,5.2511,0
153,11,124.58,5.3637,0
153,12,158.01,5.1903,0
154,1,134.18,5.1191,0
154,2,126.27,5.058,0
154,3,113.64,5.1626,0
154,4,118.34,5.0871,0
154,5,107.28,5.2896,0
154,6,110.66,4.9672,0
154,7,93.355,5.3167,0
154,8,139.74,5.206,0
154,9,131.82,5.405,0
154,10,134.27,5.332,0
154,11,86.592,5.411,0
154,12,121.32,5.3972,0
155,1,142.66,2.9284,0
155,2,116.92,3.0367,0
155,3,126.79,3.0533,0
155,4,110.71,2.9889,0
155,5,137.59,2.8389,0
155,6,149.31,3.2086,0
155,7,98.77,3.2491,0
155,8,121.84,2.9691,0
155,9,162.38,2.9574,0
155,10,144.47,3.1392,0
155,11,109.17,3.2372,0
155,12,143.76,3.1044,0
156,1,103.4,5.735,0
156,2,83.205,5.8275,0
156,3,133.94,5.8617,0
156,4,153.89,5.924,0
156,5,119.41,5.8321,0
156,6,157.31,5.9382,0
156,7,106.44,5.8964,0
156,8,110.18,6.0435,0
156,9,152.13,5.7573,0
156,10,105.17,5.7652,0
156,11,132.86,5.9053,0
156,12,102.96,5.8361,0
157,1,87.075,2.0459,0
157,2,121.91,1.8576,0
157,3,131.95,1.9769,0
157,4,105.58,2.1347,0
157,5,113.13,1.8578,0
157,6,123.17,1.9836,0
157,7,155.51,2.128,0
157,8,115.64,2.0254,0
157,9,110.95,1.9595,0
157,10,105.43,2.1889,0
157,11,136.23,2.2422,0
157,12,112.19,2.4651,0
158,1,128.8,5.953,0
158,2,122.42,6.0931,0
158,3,84.28,6.092,0
158,4,119.84,5.8373,0
158,5,114.2,6.0797,0
158,6,98.576,6.1214,0
158,7,133.18,6.0714,0
158,8,106.94,6.19,0
158,9,132.14,6.1047,0
158,10,133.6,6.1458,0
158,11,130.27,5.9088,0
158,12,139.33,6.2879,0
159,1,123.22,4.135,0
159,2,85.273,4.3242,0
159,3,138.5,4.3529,0
159,4,103.81,4.4813,0
159,5,130.76,4.2466,0
159,6,132.98,4.4475,0
159,7,129.29,4.2594,0
159,8,126.15,4.5952,0
159,9,138.49,4.3145,0
159,10,150.05,4.5535,0
159,11,128.55,4.4009,0
159,12,109.18,4.4078,0
160,1,123.33,5.247,0
160,2,88.333,5.2871,0
160,3,95.054,5.4088,0
160,4,135.68,5.2201,0
160,5,112.39,5.5175,0
160,6,94.507,5.432,0
160,7,144.02,5.2252,0
160,8,117.75,5.1295,0
160,9,137.36,5.4117,0
160,10,160.56,5.2195,0
160,11,103.61,5.4472,0
160,12,139.38,5.7119,0
161,1,138.01,3.1304,0
161,2,77.85,3.1805,0
161,3,118.74,3.0088,0
161,4,113.11,3.2379,0
161,5,123.49,3.218,0
161,6,113.64,3.2153,0
161,7,132.78,3.3294,0
161,8,127.43,3.3914,0
161,9,141.84,3.1231,0
161,10,95.963,3.1667,0
161,11,89.016,3.1593,0
161,12,130.82,3.2539,0
162,1,87.119,3.4673,0
162,2,120.71,3.5556,0
162,3,127.77,3.4016,0
162,4,99.073,3.6123,0
162,5,94.223,3.556,0
162,6,102.08,3.6208,0
162,7,144.26,3.6842,0
162,8,95.017,3.7195,0
162,9,127.45,3.4284,0
162,10,122.35,3.8223,0
162,11,122.25,3.5355,0
162,12,110.14,3.6628,0
163,1,106.8,3.791,0
163,2,86.701,3.8133,0
163,3,135.69,3.9804,0
163,4,99.863,3.8056,0
163,5,143.52,3.7316,0
163,6,109.83,3.7332,0
163,7,97.766,3.9366,0
163,8,112.73,4.1191,0
163,9,144.35,3.9294,0
163,10,111.65,4.1854,0
163,11,149.53,4.1249,0
163,12,116.04,4.124,0
164,1,116.17,5.9045,0
164,2,115.12,6.2856,0
164,3,108.68,5.8426,0
164,4,169.6,5.9495,0
164,5,138.82,5.577,0
164,6,133.14,5.9582,0
164,7,137.97,5.8272,0
164,8,137.28,5.9812,0
164,9,152.08,6.0164,0
164,10,109.03,5.6352,0
164,11,143.17,5.9939,0
164,12,159.38,6.1443,0
165,1,111.21,3.9618,0
165,2,109.29,3.829,0
165,3,125.98,3.5269,0
165,4,127.29,3.7786,0
165,5,87.339,3.6517,0
165,6,119.94,3.8895,0
165,7,123.76,3.7038,0
165,8,122.46,3.8906,0
165,9,124.54,3.8604,0
165,10,104.35,3.9415,0
165,11,147.76,3.9946,0
165,12,141.04,4.1176,0
166,1,98.987,3.0935,0
166,2,101.03,3.4514,0
166,3,114.4,3.3857,0
166,4,95.686,3.2654,0
166,5,110.41,3.2902,0
166,6,80.507,3.2121,0
166,7,134.08,3.4432,0
166,8,120.99,3.3718,0
166,9,152.31,3.15,0
166,10,103.76,3.4721,0
166,11,135.87,3.4765,0
166,12,153.31,3.3605,0
167,1,124.51,4.8977,0
167,2,112.02,4.7989,0
167,3,111.26,5.1937,0
167,4,116.19,4.9034,0
167,5,111.84,5.2436,0
167,6,133.03,5.1302,0
167,7,148.2,5.1968,0
167,8,124.26,4.9947,0
167,9,125.44,5.1229,0
167,10,116.14,5.1848,0
167,11,139.92,4.9145,0
167,12,124.83,5.2533,0
168,1,108.39,4.5637,0
168,2,127.7,4.5793,0
168,3,135.01,4.7131,0
168,4,117.74,4.6155,0
168,5,96.349,4.7233,0
168,6,127.08,4.5543,0
168,7,100.07,4.7088,0
168,8,90.078,4.9239,0
168,9,94.256,4.5132,0
168,10,121.51,4.8604,0
168,11,158.31,4.6009,0
168,12,125.66,4.9561,0
169,1,119.02,6.4055,0
169,2,137.09,6.2333,0
169,3,141.21,6.4575,0
169,4,98.045,6.3586,0
169,5,137.21,6.5281,0
169,6,117.1,6.2181,0
169,7,110.26,6.6956,0
169,8,136.45,6.7228,0
169,9,137.22,6.6136,0
169,10,142.52,6.4536,0
169,11,89.257,6.5115,0
169,12,159.85,6.693,0
170,1,146.13,3.8622,0
170,2,80.834,3.5573,0
170,3,110.32,3.6794,0
170,4,162.06,3.661,0
170,5,130.54,4.0058,0
170,6,146.47,3.6222,0
170,7,112.58,3.7901,0
170,8,151.39,3.8827,0
170,9,123.57,3.7557,0
170,10,100.08,3.8044,0
170,11,73.654,3.7364,0
170,12,126.54,3.6457,0
171,1,109.95,2.319,0
171,2,126.79,2.2824,0
171,3,120.72,2.4337,0
171,4,108.29,2.8144,0
171,5,62.503,2.6788,0
171,6,116.05,2.2566,0
171,7,130.66,2.6403,0
171,8,109.96,2.721,0
171,9,90.195,2.5731,0
171,10,129.22,2.4564,0
171,11,143.52,2.3198,0
171,12,107.67,2.66,0
172,1,125.98,5.6889,0
172,2,120.57,5.6504,0
172,3,139.48,5.5009,0
172,4,146.94,5.7447,0
172,5,157.26,5.7015,0
172,6,154.44,5.7882,0
172,7,111.69,5.8324,0
172,8,146.02,5.6653,0
172,9,117.45,5.6291,0
172,10,167.52,5.5799,0
172,11,134.31,5.9063,0
172,12,96.607,5.6582,0
173,1,127.1,4.2951,0
173,2,151.2,4.2616,0
173,3,123.52,4.042,0
173,4,84.358,4.0002,0
173,5,123.85,4.2179,0
173,6,133.91,4.233,0
173,7,104.01,4.1876,0
173,8,167.52,4.0585,0
173,9,106.6,4.5281,0
173,10,155.34,4.3543,0
173,11,175.3,4.0487,0
173,12,105.68,4.2612,0
174,1,88.662,3.9066,0
174,2,95.191,3.9333,0
174,3,129.4,3.6136,0
174,4,110.71,3.7148,0
174,5,138.35,3.8336,0
174,6,132.6,3.5616,0
174,7,120.62,3.7498,0
174,8,128.88,3.7369,0
174,9,127.03,3.5755,0
174,10,114.22,3.796,0
174,11,117.42,3.7709,0
174,12,149.25,3.7771,0
175,1,118.72,2.7742,0
175,2,83.884,2.6319,0
175,3,126.24,2.7526,0
175,4,130.51,2.754,0
175,5,123.79,2.7583,0
175,6,127.77,2.8638,0
175,7,134.5,2.8944,0
175,8,97.553,3.0484,0
175,9,118.42,2.8692,0
175,10,128.45,2.734,0
175,11,122.04,2.7458,0
175,12,154.94,2.9289,0
176,1,160.12,5.3142,0
176,2,107.18,5.3984,0
176,3,103.79,5.0743,0
176,4,139.51,5.3306,0
176,5,105.24,5.4007,0
176,6,129.76,5.2913,0
176,7,133.63,5.3331,0
176,8,123.28,5.1971,0
176,9,142.67,5.4837,0
176,10,119.39,5.5749,0
176,11,158.93,5.352,0
176,12,188.08,5.3765,0
177,1,132.6,6.9113,0
177,2,116.06,7.1042,0
177,3,175.68,7.1434,0
177,4,153.19,7.0228,0
177,5,139.52,7.0976,0
177,6,110.84,7.3331,0
177,7,120.51,7.118,0
177,8,114.92,6.9999,0
177,9,157.71,6.9694,0
177,10,147.93,7.085,0
177,11,106.98,7.0568,0
177,12,137.64,6.9528,0
178,1,116.57,6.1483,0
178,2,127.94,5.9271,0
178,3,132.38,6.0832,0
178,4,111.29,6.2567,0
178,5,146.38,6.1841,0
178,6,168.78,6.0795,0
178,7,106.23,6.4342,0
178,8,105.57,6.1332,0
178,9,124.97,6.1141,0
178,10,125.97,6.1069,0
178,11,133.73,6.0495,0
178,12,121.28,6.0924,0
179,1,106.74,3.9907,0
179,2,115.36,3.8867,0
179,3,98.233,3.8938,0
179,4,121.31,3.7785,0
179,5,155.17,4.229,0
179,6,148.67,3.8523,0
179,7,136.08,3.7342,0
179,8,111.76,4.0701,0
179,9,120.03,4.0827,0
179,10,142.06,3.9313,0
179,11,135.71,4.0997,0
179,12,131.57,4.13,0
180,1,75.402,2.129,0
180,2,129.59,2.2972,0
180,3,111.31,2.2497,0
180,4,164.23,2.0468,0
180,5,107.66,2.1684,0
180,6,88.345,2.2164,0
180,7,132.28,2.094,0
180,8,122.31,2.2543,0
180,9,103.72,2.1845,0
180,10,101.79,2.2334,0
180,11,70.235,2.3829,0
180,12,157.98,1.9513,0
181,1,88.626,5.7471,0
181,2,116.01,5.7012,0
181,3,119.46,5.8568,0
181,4,120.45,5.9523,0
181,5,127.88,5.7125,0
181,6,127.6,5.8344,0
181,7,149.68,5.8238,0
181,8,88.667,6.1523,0
181,9,112.55,5.9097,0
181,10,123.26,5.6511,0
181,11,115.43,5.8228,0
181,12,107.14,5.9006,0
182,1,128.57,5.128,0
182,2,95.177,5.3119,0
182,3,154.3,5.0058,0
182,4,110.86,5.4493,0
182,5,136.12,5.2509,0
182,6,102.16,5.6028,0
182,7,77.896,5.5683,0
182,8,97.312,5.4142,0
182,9,160.75,5.1437,0
182,10,135.67,5.456,0
182,11,152.71,5.6435,0
182,12,136.62,5.2607,0
183,1,117.97,5.3403,0
183,2,122.79,5.2894,0
183,3,101.27,5.7532,0
183,4,132.43,5.408,0
183,5,155.67,5.4036,0
183,6,166.82,5.1384,0
183,7,148.84,5.4871,0
183,8,140.73,5.328,0
183,9,92.665,5.2333,0
183,10,126.33,5.2746,0
183,11,96.491,5.6353,0
183,12,105.29,5.8997,0
184,1,149.27,2.7527,0
184,2,91.901,2.7428,0
184,3,84.992,2.7714,0
184,4,112.96,2.7773,0
184,5,139.45,2.789,0
184,6,123.53,2.9453,0
184,7,98.89,3.0477,0
184,8,130.48,2.9259,0
184,9,139.89,2.99,0
184,10,129,2.7966,0
184,11,137.25,2.8507,0
184,12,129.73,2.9057,0
185,1,103.69,3.4706,0
185,2,83.703,3.7672,0
185,3,103.53,3.5087,0
185,4,144.11,3.5885,0
185,5,127.09,3.348,0
185,6,116.88,3.4864,0
185,7,118.22,3.4111,0
185,8,113.37,3.3312,0
185,9,123.4,3.5548,0
185,10,127.43,3.5176,0
185,11,122.46,3.4535,0
185,12,138.22,3.7208,0
186,1,80.37,2.6399,0
186,2,95.847,2.6459,0
186,3,116.64,2.8686,0
186,4,127.47,2.6691,0
186,5,137.98,2.7198,0
186,6,112.48,2.7407,0
186,7,148.27,2.5346,0
186,8,117.43,2.6499,0
186,9,103.9,2.9941,0
186,10,160.37,2.6455,0
186,11,118.31,2.4787,0
186,12,130.6,2.8775,0
187,1,135.8,4.7,0
187,2,78.98,4.7601,0
187,3,86.166,5.0182,0
187,4,102.21,5.0228,0
187,5,154.52,4.9389,0
187,6,111.02,4.8604,0
187,7,153.4,5.056,0
187,8,122.12,4.993,0
187,9,129.08,4.9827,0
187,10,106.51,4.7631,0
187,11,139.28,4.8841,0
187,12,135.39,5.1967,0
188,1,100.73,5.5948,0
188,2,88.295,5.5367,0
188,3,136.49,5.691,0
188,4,119.56,5.6015,0
188,5,107.37,5.8639,0
188,6,115.56,5.5677,0
188,7,102.2,5.2975,0
188,8,139.13,5.5532,0
188,9,134.15,5.6177,0
188,10,93.836,5.6245,0
188,11,103.77,5.8115,0
188,12,116.43,5.6512,0
189,1,86.612,4.6061,0
189,2,131.31,4.4029,0
189,3,134.18,4.6172,0
189,4,135.67,4.7872,0
189,5,108.64,4.4554,0
189,6,102.06,4.4463,0
189,7,127.49,4.1646,0
189,8,115.31,4.5134,0
189,9,98.468,4.8002,0
189,10,131.55,4.4561,0
189,11,103.78,4.4486,0
189,12,154.79,4.4067,0
190,1,121.31,4.3362,0
190,2,123.48,4.4154,0
190,3,113.04,4.3731,0
190,4,86.53,4.4195,0
190,5,99.946,4.5258,0
190,6,123.94,4.4014,0
190,7,131.54,4.5581,0
190,8,135.64,4.3719,0
190,9,140.05,4.7385,0
190,10,136.35,4.4785,0
190,11,159.29,4.4038,0
190,12,173.7,4.4721,0
191,1,68.956,2.7912,0
191,2,94.585,2.8238,0
191,3,96.343,2.6494,0
191,4,104.16,2.6017,0
191,5,126.48,2.8651,0
191,6,131.69,3.0185,0
191,7,99.161,2.7769,0
191,8,111.09,2.7583,0
191,9,128,2.9242,0
191,10,119.44,2.8355,0
191,11,103.24,2.9349,0
191,12,155.27,2.7068,0
192,1,102.53,5.8101,0
192,2,122.35,5.9264,0
192,3,152.94,5.9402,0
192,4,154.7,5.7526,0
192,5,132.59,6.0673,0
192,6,95.009,6.2879,0
192,7,158.44,5.8477,0
192,8,138.05,5.7227,0
192,9,110.66,5.8335,0
192,10,133.47,6.1013,0
192,11,112.04,6.0574,0
192,12,143.45,6.1133,0
193,1,143.84,5.9166,0
193,2,141.61,5.6491,0
193,3,95.677,6.0593,0
193,4,169.06,5.9974,0
193,5,145.27,5.6928,0
193,6,131.46,5.8829,0
193,7,126.45,6.2875,0
193,8,122.25,6.1413,0
193,9,126.29,5.8119,0
193,10,149.41,5.9575,0
193,11,130.16,6.1133,0
193,12,147.73,6.1871,0
194,1,93.811,4.4745,0
194,2,114.86,4.5216,0
194,3,126.71,4.5987,0
194,4,90.247,4.2876,0
194,5,100.15,4.7205,0
194,6,91.674,4.5182,0
194,7,116.22,4.6675,0
194,8,138.8,4.2777,0
194,9,103.2,4.6889,0
194,10,151.04,4.5381,0
194,11,128.72,4.4961,0
194,12,145.4,4.7227,0
195,1,130.1,5.277,0
195,2,109.86,5.3871,0
195,3,122.27,5.4531,0
195,4,102.77,5.2472,0
195,5,103.71,5.2005,0
195,6,143.52,5.1486,0
195,7,142.15,5.3426,0
195,8,125.45,5.3337,0
195,9,124.27,5.4236,0
195,10,140.69,5.3174,0
195,11,143.38,5.472,0
195,12,123.44,5.6173,0
196,1,128.02,4.5205,0
196,2,141.23,4.6641,0
196,3,159.14,4.566,0
196,4,126.88,4.8312,0
196,5,90.23,4.7695,0
196,6,111.11,5.0884,0
196,7,103.9,4.6826,0
196,8,68.55,4.8199,0
196,9,90.192,4.7582,0
196,10,132.68,4.894,0
196,11,106.06,4.6775,0
196,12,114.88,4.7413,0
197,1,102.64,3.9445,0
197,2,94.791,3.9189,0
197,3,114.77,4.2464,0
197,4,90.631,4.1767,0
197,5,82.14,4.0852,0
197,6,82.578,3.8989,0
197,7,164.23,4.0123,0
197,8,127.11,4.0436,0
197,9,118.53,4.2562,0
197,10,158.74,3.8565,0
197,11,127.57,4.0573,0
197,12,128.28,4.222,0
198,1,104.4,4.2915,0
198,2,132.53,4.1699,0
198,3,131.26,4.4176,0
198,4,106.21,4.4972,0
198,5,109.38,4.5759,0
198,6,116.3,4.6087,0
198,7,90.883,4.7394,0
198,8,126.55,4.3732,0
198,9,104.79,4.5388,0
198,10,135.31,4.6422,0
198,11,122.54,4.4157,0
198,12,88.334,4.6,0
199,1,143.79,4.4362,0
199,2,136.1,4.4589,0
199,3,107,4.5004,0
199,4,120.59,4.39,0
199,5,99.673,4.5175,0
199,6,97.216,4.5271,0
199,7,101.3,4.5185,0
199,8,126.58,4.5017,0
199,9,99.238,4.4048,0
199,10,128.79,4.4578,0
199,11,164.5,4.2599,0
199,12,118.49,4.4824,0
200,1,110.9,4.3675,0
200,2,119.91,4.5932,0
200,3,156.26,4.6655,0
200,4,154.51,4.388,0
200,5,129.38,4.609,0
200,6,149.98,4.6446,0
200,7,104.49,4.8059,0
200,8,149.12,4.7111,0
200,9,126.81,4.6967,0
200,10,128.39,4.8923,0
200,11,130.28,4.7589,0
200,12,108.08,4.8898,0